time,latitude,longitude,depth,mag,magType,nst,gap,dmin,rms,net,id,updated,place,type,horizontalError,depthError,magError,magNst,status,locationSource,magSource
2025-03-18T06:10:50.330Z,47.3795,-122.47033333333333,23.03,3.23,ml,168,11,0.04501,0.23,uw,uw62074482,2025-05-17T19:20:00.040Z,"7 km ESE of Maplewood, Washington",earthquake,0.16,0.35,0.17926366694903662,167,reviewed,uw,uw
2025-02-27T20:07:46.610Z,47.599333333333334,-121.769,17.42,3.25,ml,106,48,0.1082,0.37,uw,uw62078461,2025-05-08T19:24:42.040Z,"8 km NNE of Snoqualmie, Washington",earthquake,0.27,0.43,0.15536805776393603,133,reviewed,uw,uw
2025-02-22T11:45:29.310Z,47.276,-122.14166666666667,25.36,3.41,ml,154,40,0.04923,0.27,uw,uw62076946,2025-05-06T21:39:18.040Z,"6 km SSE of Lea Hill, Washington",earthquake,0.19,0.37,0.19250323846178308,181,reviewed,uw,uw
2025-01-21T01:03:24.610Z,47.599333333333334,-121.79333333333334,17.29,2.7800000000000002,ml,25,103,0.1121,0.16,uw,uw62071451,2025-03-29T22:12:45.040Z,"8 km ENE of Fall City, Washington",earthquake,0.32,0.46,0.13315610360061148,24,reviewed,uw,uw
2025-01-20T21:35:14.670Z,47.60033333333333,-121.75383333333333,17.08,3.5100000000000002,ml,144,47,0.1026,0.41,uw,uw62071396,2025-04-29T16:49:29.165Z,"9 km NE of Snoqualmie, Washington",earthquake,0.28,0.49,0.1695907099497207,203,reviewed,uw,uw
2024-10-04T22:40:52.230Z,47.605666666666664,-121.807,15.92,2.61,ml,67,56,0.103,0.16,uw,uw62043857,2025-01-20T22:28:48.610Z,"7 km NE of Fall City, Washington",earthquake,0.22,0.27,0.15829437745145647,93,reviewed,uw,uw
2024-06-16T07:03:03.000Z,47.6745,-122.088,14.57,2.68,ml,126,35,0.02584,0.39,uw,uw62007742,2024-10-02T07:54:53.994Z,"2 km E of Redmond, Washington",earthquake,0.23,0.46,0.1441737743233409,163,reviewed,uw,uw
2024-04-01T05:08:58.130Z,47.776666666666664,-122.57633333333334,24.92,2.73,ml,127,24,0.04907,0.21,uw,uw61985547,2025-05-01T19:12:22.199Z,"5 km NW of Indianola, Washington",earthquake,0.16,0.33,0.1526871361479356,153,reviewed,uw,uw
2024-03-25T08:01:31.130Z,47.68233333333333,-122.13083333333333,31.5,2.72,ml,159,23,0.02136,0.25,uw,uw61992201,2024-12-12T19:06:06.920Z,"1 km NW of Redmond, Washington",earthquake,0.17,0.33,0.19773866998755674,178,reviewed,uw,uw
2024-03-07T01:48:35.340Z,47.49466666666667,-121.90816666666667,12.01,3.12,ml,98,30,0.02408,0.25,uw,uw61988126,2025-03-18T06:21:02.345Z,"7 km WSW of Snoqualmie, Washington",earthquake,0.23,0.44,0.1418297314252852,138,reviewed,uw,uw
2024-02-22T13:02:49.580Z,47.6745,-121.73216666666667,18.63,3.38,ml,129,56,0.03464,0.33,uw,uw61984016,2025-01-31T19:05:29.775Z,"13 km E of Lake Marcel-Stillwater, Washington",earthquake,0.25,0.43,0.19717472631312472,209,reviewed,uw,uw
2024-01-20T15:45:33.280Z,47.45933333333333,-122.35533333333333,24.49,2.6,ml,110,21,0.01549,0.29,uw,uw61980521,2024-03-29T17:37:55.040Z,"1 km SSW of Burien, Washington",earthquake,0.24,0.54,0.2279068938945401,85,reviewed,uw,uw
2023-10-20T13:47:54.920Z,47.61233333333333,-121.73066666666666,14.39,2.66,ml,66,57,0.08549,0.17,uw,uw61958152,2023-12-26T21:24:44.040Z,"Washington",earthquake,0.22,0.41,0.2049804805807074,114,reviewed,uw,uw
2023-09-17T07:08:54.480Z,47.60316666666667,-121.76083333333334,15.79,2.5,ml,66,105,0.1022,0.38,uw,uw61960406,2024-06-04T04:11:17.652Z,"9 km NNE of Snoqualmie, Washington",earthquake,0.37,0.69,0.13993637947726945,49,reviewed,uw,uw
2023-08-08T11:51:12.750Z,47.603833333333334,-121.7875,16.29,2.84,ml,86,56,0.1114,0.24,uw,uw61939497,2024-03-20T21:31:41.700Z,"8 km ENE of Fall City, Washington",earthquake,0.24,0.41,0.1322155514392802,68,reviewed,uw,uw
2023-08-08T10:17:23.870Z,47.604,-121.772,15.89,3.91,ml,163,48,0.1053,0.32,uw,uw61939452,2025-04-23T01:42:17.578Z,"9 km NNE of Snoqualmie, Washington",earthquake,0.25,31.61,0.17167442535165955,321,reviewed,uw,uw
2023-07-04T15:52:54.510Z,47.400333333333336,-122.0555,13.28,2.71,ml,33,46,0.0279,0.19,uw,uw61938231,2025-03-07T01:15:36.230Z,"1 km NW of Maple Valley, Washington",earthquake,0.28,0.45,0.18879801414684305,44,reviewed,uw,uw
2023-04-19T01:00:57.520Z,47.43566666666667,-121.79083333333334,19.86,2.8000000000000003,ml,83,47,0.01294,0.28,uw,uw61918431,2023-07-03T02:47:13.040Z,"2 km SW of Wilderness Rim, Washington",earthquake,0.33,0.37,0.14400776426070427,64,reviewed,uw,uw
2022-12-13T10:40:09.610Z,47.687333333333335,-121.859,25.66,2.68,ml,18,77,0.05314,0.3,uw,uw61898306,2023-03-17T15:28:41.577Z,"4 km E of Lake Marcel-Stillwater, Washington",earthquake,0.67,1.2,0.16537529324107214,130,reviewed,uw,uw
2021-07-13T19:47:05.640Z,47.483333333333334,-122.314,29.49,2.7800000000000002,ml,104,20,,0.37,uw,uw61744912,2025-03-09T19:17:30.870Z,"0 km S of Boulevard Park, Washington",earthquake,0.28,0.49,0.203214604707868,49,reviewed,uw,uw
2021-04-29T03:37:47.600Z,47.6635,-121.684166666667,8.37,2.51,ml,45,46,0.02963,0.22,uw,uw61718712,2021-07-07T18:37:28.040Z,"17 km E of Carnation, Washington",earthquake,0.34,0.31,0.165552090997495,29,reviewed,uw,uw
2020-12-30T17:31:56.240Z,47.3335,-121.988333333333,20.11,3.21,ml,66,50,0.03742,0.22,uw,uw61707531,2021-03-06T23:20:44.040Z,"2 km S of Ravensdale, Washington",earthquake,0.26,0.47,0.255615035743022,35,reviewed,uw,uw
2020-12-29T14:36:34.760Z,47.6635,-121.825166666667,19.55,2.98,ml,47,97,0.09676,0.29,uw,uw61707366,2021-04-29T05:21:10.569Z,"6 km ENE of Carnation, Washington",earthquake,0.48,0.65,0.197042563886886,25,reviewed,uw,uw
2020-12-28T10:41:34.670Z,47.8131666666667,-121.966666666667,26.14,2.89,ml,24,91,0.08908,0.38,uw,uw61707171,2021-06-06T18:50:03.166Z,"4 km S of Monroe, Washington",earthquake,0.88,1.18,0.205562956908904,15,reviewed,uw,uw
2020-12-20T04:35:14.020Z,47.3296666666667,-121.986833333333,19.85,2.77,ml,72,40,0.03757,0.23,uw,uw61706216,2021-02-27T23:26:24.040Z,"2 km S of Ravensdale, Washington",earthquake,0.23,0.42,0.236513674006261,38,reviewed,uw,uw
2020-08-20T22:38:43.220Z,47.3321666666667,-121.985166666667,19.5,2.74,ml,32,57,0.03604,0.18,uw,uw61672501,2020-10-31T19:06:12.040Z,"2 km S of Ravensdale, Washington",earthquake,0.48,0.58,0.230843101508708,21,reviewed,uw,uw
2020-07-24T21:20:03.420Z,47.7725,-122.415166666667,22.81,2.5,ml,56,28,0.04308,0.3,uw,uw61662451,2020-10-03T17:32:21.040Z,"3 km SW of Woodway, Washington",earthquake,0.35,0.61,0.145347415646865,41,reviewed,uw,uw
2020-03-22T09:36:01.380Z,47.7211666666667,-121.938833333333,25.71,3.2,ml,74,64,,0.32,uw,uw61585377,2020-11-12T16:14:34.422Z,"3 km NNW of Lake Marcel-Stillwater, Washington",earthquake,0.36,0.56,0.186131365166602,37,reviewed,uw,uw
2020-01-09T17:20:16.030Z,47.607,-121.835333333333,15.44,2.69,ml,39,51,,0.16,uw,uw61566476,2020-04-02T21:27:59.040Z,"5 km NE of Fall City, Washington",earthquake,0.22,0.31,0.253906900267982,19,reviewed,uw,uw
2019-12-19T12:41:53.320Z,47.6016666666667,-121.787666666667,16.19,2.95,ml,68,55,,0.35,uw,uw61564541,2020-03-07T17:47:34.040Z,"8 km ENE of Fall City, Washington",earthquake,0.33,0.66,0.178934288667519,35,reviewed,uw,uw
2019-12-19T03:10:59.830Z,47.5996666666667,-121.766833333333,16.96,3.38,ml,73,55,,0.35,uw,uw61564491,2023-08-08T10:44:58.773Z,"9 km NNE of Snoqualmie, Washington",earthquake,0.37,0.67,0.21489973611061,36,reviewed,uw,uw
2019-12-05T02:25:05.680Z,47.569,-122.013666666667,21.61,2.73,ml,76,60,,0.34,uw,uw61562776,2020-05-18T01:20:32.082Z,"0 km WSW of Klahanie, Washington",earthquake,0.34,0.58,0.206709830714997,43,reviewed,uw,uw
2019-11-13T04:35:15.240Z,47.6991666666667,-121.901166666667,27.91,2.61,ml,52,68,,0.2,uw,uw61559861,2020-02-07T20:20:32.040Z,"1 km NE of Lake Marcel-Stillwater, Washington",earthquake,0.28,0.42,0.167553960936215,26,reviewed,uw,uw
2019-11-09T15:38:56.750Z,47.6006666666667,-121.806333333333,17.02,3.24,ml,31,107,,0.22,uw,uw61559486,2020-02-01T23:22:11.040Z,"7 km ENE of Fall City, Washington",earthquake,0.37,0.6,0.160674707824168,20,reviewed,uw,uw
2019-08-03T22:02:03.070Z,47.5986666666667,-121.7745,17.71,2.75,ml,50,56,,0.3,uw,uw61541156,2019-10-19T21:42:08.040Z,"8 km NNE of Snoqualmie, Washington",earthquake,0.36,0.75,0.167421904094217,21,reviewed,uw,uw
2019-04-08T13:02:07.690Z,47.8016666666667,-122.382166666667,26.61,2.55,ml,40,40,,0.17,uw,uw61516191,2019-06-18T15:50:54.040Z,"0 km N of Woodway, Washington",earthquake,0.31,0.48,0.164252885007494,33,reviewed,uw,uw
2019-02-02T03:30:12.900Z,47.3725,-121.794333333333,18.57,2.58,ml,35,47,,0.15,uw,uw61510536,2019-04-18T19:09:31.040Z,"8 km SSW of Wilderness Rim, Washington",earthquake,0.34,0.38,0.228423498476504,27,reviewed,uw,uw
2018-10-30T07:45:01.470Z,47.261,-122.53616666666667,56.88,2.83,ml,59,38,,0.31,uw,uw61434702,2025-03-22T21:08:26.250Z,"2 km NNW of Fircrest, Washington",earthquake,0.46,0.77,0.17560027444931814,44,reviewed,uw,uw
2018-07-15T11:37:30.990Z,47.275,-122.1218333,27.13,2.56,ml,45,43,0.1256,0.32,uw,uw61408761,2018-10-02T16:40:42.040Z,"6 km SSW of Lake Morton-Berrydale, Washington",earthquake,0.45,0.91,0.205,36,reviewed,uw,uw
2018-05-30T22:20:45.600Z,47.8026667,-122.3193333,25,2.73,ml,41,37,0.02863,0.16,uw,uw61394441,2019-04-05T04:32:10.992Z,"1 km NNW of Mountlake Terrace, Washington",earthquake,0.28,0.38,0.168,37,reviewed,uw,uw
2018-03-17T22:35:38.030Z,47.55283333333333,-122.27216666666666,2.45,2.69,ml,57,31,,0.57,uw,uw61355627,2025-03-22T17:55:27.710Z,"4 km WSW of Mercer Island, Washington",earthquake,0.44,0.48,0.150932637569833,38,reviewed,uw,uw
2017-05-11T09:36:36.720Z,47.5896667,-122.5646667,21.55,2.6,ml,41,37,0.02563,0.15,uw,uw61265082,2017-08-01T23:02:29.040Z,"2 km ENE of Enetai, Washington",earthquake,0.26,0.54,0.202,37,reviewed,uw,uw
2016-10-22T17:17:05.380Z,47.5378333,-121.9173333,24.22,3,ml,55,42,0.05321,0.22,uw,uw61224716,2017-04-02T04:46:31.088Z,"3 km SSW of Fall City, Washington",earthquake,0.29,0.5,0.179,48,reviewed,uw,uw
2016-10-02T18:09:20.250Z,47.4726667,-121.9576667,23.74,2.95,ml,66,39,,0.18,uw,uw61201467,2025-03-24T00:41:02.770Z,"3 km ENE of Mirrormont, Washington",earthquake,0.22,0.44,0.155,75,reviewed,uw,uw
2016-06-24T08:38:34.340Z,47.2858333,-122.2818333,20.64,2.98,ml,65,42,,0.26,uw,uw61157732,2025-03-23T18:29:51.820Z,"0 km N of Lakeland South, Washington",earthquake,0.3,0.53,0.118,62,reviewed,uw,uw
2016-02-09T19:04:55.770Z,47.286,-122.2875,24.71,2.54,ml,38,43,0.06173,0.31,uw,uw61107887,2022-08-02T09:21:00.254Z,"0 km NNW of Lakeland South, Washington",earthquake,0.46,0.68,0.125,95,reviewed,uw,uw
2016-02-05T22:13:02.370Z,47.2761667,-122.2915,24.73,2.57,ml,32,40,0.05533,0.3,uw,uw61107312,2022-08-02T08:48:07.516Z,"0 km WSW of Lakeland South, Washington",earthquake,0.52,0.76,0.122,96,reviewed,uw,uw
2015-12-21T12:59:44.790Z,47.2988333,-121.7563333,20.35,2.5,ml,31,87,0.09957,0.2,uw,uw61113181,2022-08-02T00:26:20.370Z,"16 km S of Wilderness Rim, Washington",earthquake,0.39,0.57,0.147,75,reviewed,uw,uw
2015-11-02T13:20:01.010Z,47.4306667,-122.0058333,23.79,2.7,ml,48,55,0.08681,0.27,uw,uw61086292,2022-08-01T15:25:01.135Z,"2 km WNW of Hobart, Washington",earthquake,0.33,0.61,0.191,130,reviewed,uw,uw
2015-09-12T22:22:12.400Z,47.5178333,-121.7498333,18.83,3.86,ml,59,56,0.0866,0.32,uw,uw61064752,2019-01-21T01:42:35.986Z,"3 km NE of North Bend, Washington",earthquake,0.47,0.69,0.151,213,reviewed,uw,uw
2015-01-29T17:37:05.580Z,47.7081667,-122.142,7.908,2.66,ml,47,45,0.0351,0.59,uw,uw60951447,2022-07-27T17:48:31.744Z,"3 km SE of Kingsgate, Washington",earthquake,0.63,31.61,0.149,156,reviewed,uw,uw
2014-10-13T15:24:01.020Z,47.652,-121.9676667,7.78,2.87,ml,37,76,0.04763,0.54,uw,uw60891637,2022-07-27T04:44:10.695Z,"2 km N of Ames Lake, Washington",earthquake,0.59,1.34,0.18,132,reviewed,uw,uw
2014-10-11T11:12:06.490Z,47.6926667,-121.94,24.822,2.55,ml,52,66,0.08036,0.33,uw,uw60890817,2022-07-27T04:33:17.231Z,"1 km W of Lake Marcel-Stillwater, Washington",earthquake,0.48,0.78,0.188,75,reviewed,uw,uw
2014-08-05T17:24:58.140Z,47.4081667,-122.0316667,19.15,2.55,ml,27,51,0.05829,0.23,uw,uw60835742,2022-07-26T21:32:19.283Z,"2 km NNE of Maple Valley, Washington",earthquake,0.33,0.59,0.191,60,reviewed,uw,uw
2014-07-25T10:01:05.790Z,47.7385,-121.996,-0.001,2.85,ml,37,50,0.03235,0.43,uw,uw60826997,2022-07-26T20:23:00.215Z,"0 km WSW of Duvall, Washington",earthquake,0.41,0.97,0.145,126,reviewed,uw,uw
2014-02-03T20:29:08.780Z,47.3228333,-122.4,23.808,3.02,ml,51,37,0.02954,0.29,uw,uw60686921,2022-08-06T21:36:40.571Z,"2 km ENE of Dash Point, Washington",earthquake,0.31,0.58,0.22,156,reviewed,uw,uw
2013-11-17T19:59:56.920Z,47.4655,-122.376,38.498,2.54,ml,85,56,0.01192,0.54,uw,uw60631896,2022-07-26T01:45:37.983Z,"2 km WSW of Burien, Washington",earthquake,0.58,0.85,0.234,69,reviewed,uw,uw
2013-09-05T07:09:41.850Z,47.7635,-122.508,26.187,3.02,ml,57,37,0.04736,0.33,uw,uw60584927,2022-08-06T17:32:16.987Z,"2 km NE of Indianola, Washington",earthquake,0.43,0.76,0.208,162,reviewed,uw,uw
2013-07-12T13:56:02.390Z,47.715,-122.2961667,30.979,2.58,ml,43,34,0.008514,0.31,uw,uw60551966,2022-07-25T18:17:51.861Z,"4 km SSW of Lake Forest Park, Washington",earthquake,0.41,0.58,0.167,80,reviewed,uw,uw
2012-04-21T14:25:04.990Z,47.6966667,-121.8876667,2.575,2.55,ml,43,40,0.113,0.38,uw,uw60395237,2022-07-23T22:03:10.699Z,"2 km ENE of Lake Marcel-Stillwater, Washington",earthquake,0.32,0.73,0.143,78,reviewed,uw,uw
2012-02-04T10:16:59.480Z,47.3193333,-122.3601667,27.499,2.77,ml,69,34,0.02418,0.46,uw,uw60393611,2022-07-23T15:56:17.639Z,"3 km W of Federal Way, Washington",earthquake,0.59,1.1,0.224,108,reviewed,uw,uw
2012-01-08T01:26:41.330Z,47.7531667,-122.4896667,24.255,2.82,ml,50,29,0.06157,0.28,uw,uw60380271,2022-07-23T14:00:33.629Z,"2 km ENE of Indianola, Washington",earthquake,0.41,0.93,0.224,111,reviewed,uw,uw
2011-11-21T17:29:04.740Z,47.3623333,-122.2798333,24.819,2.73,ml,0,35,,0.19,uw,uw10832103,2025-04-17T22:14:25.670Z,"3 km N of Lakeland North, Washington",earthquake,0.177,0.2,0.16,35,reviewed,uw,uw
2011-11-05T07:42:46.380Z,47.31,-121.9573333,17.579,2.65,ml,0,76,,0.17,uw,uw10828543,2025-04-17T22:06:30.970Z,"3 km E of Black Diamond, Washington",earthquake,0.208,0.27,0.184,37,reviewed,uw,uw
2011-09-22T20:22:06.620Z,47.42816666666667,-122.05183333333333,30.12,3.1,ml,88,47,,0.38,uw,uw10830228,2025-04-17T20:28:51.080Z,"3 km ESE of Maple Heights-Lake Desire, Washington",earthquake,0.41,0.63,0.20072300584064617,126,reviewed,uw,uw
2011-08-27T21:32:03.330Z,47.7735,-122.3065,26.318,2.88,ml,0,26,,0.32,uw,uw10826628,2025-04-17T20:37:48.220Z,"1 km S of Mountlake Terrace, Washington",earthquake,0.214,0.15,0.163,71,reviewed,uw,uw
2011-08-18T07:49:44.860Z,47.4783333,-122.0448333,7.207,2.7,ml,45,41,,0.38,uw,uw10823313,2025-04-17T20:31:15.200Z,"4 km WNW of Mirrormont, Washington",earthquake,0.37,1.04,0.161,66,reviewed,uw,uw
2011-07-23T08:03:40.490Z,47.6423333,-121.7263333,17.836,3.25,ml,59,30,0.1407,0.25,uw,uw10826403,2022-08-09T08:30:57.415Z,"14 km E of Carnation, Washington",earthquake,0.36,0.72,0.144,103,reviewed,uw,uw
2011-07-20T14:12:37.790Z,47.7488333,-122.5555,25.803,2.93,ml,0,31,,0.24,uw,uw10825233,2025-04-17T20:14:48.830Z,"1 km N of Suquamish, Washington",earthquake,0.081,0.2,0.179,59,reviewed,uw,uw
2011-06-15T01:52:58.130Z,47.7535,-122.3615,31.735,3,md,79,22,0.04858,0.32,uw,uw10818038,2022-08-09T08:28:14.349Z,"1 km W of Shoreline, Washington",earthquake,0.439,0.32,0.03,25,reviewed,uw,uw
2011-06-06T02:35:16.300Z,47.7686667,-122.3516667,30.989,2.5,md,64,26,0.04405,0.31,uw,uw10816778,2022-07-19T17:09:21.377Z,"1 km NNW of Shoreline, Washington",earthquake,0.139,0.13,0.04,24,reviewed,uw,uw
2011-01-07T22:35:40.410Z,47.8193333,-121.947,19.172,3,md,71,35,0.06074,0.37,uw,uw10813143,2022-08-09T08:19:59.072Z,"4 km SSE of Monroe, Washington",earthquake,0.261,0.45,0.02,27,reviewed,uw,uw
2010-08-23T02:40:56.450Z,47.6838333,-121.9543333,19.552,2.5,md,53,31,0.06739,0.33,uw,uw10801323,2022-07-18T19:01:15.278Z,"3 km WSW of Lake Marcel-Stillwater, Washington",earthquake,0.314,0.2,0.03,10,reviewed,uw,uw
2010-05-25T12:21:00.710Z,47.6856667,-121.9685,5.404,3.24,ml,52,38,,0.45,uw,uw10804513,2022-08-09T07:59:39.317Z,"4 km W of Lake Marcel-Stillwater, Washington",earthquake,0.41,1.61,0.166,129,reviewed,uw,uw
2010-01-31T21:57:09.350Z,47.6078333,-121.7776667,11.725,2.5,md,32,78,0.1042,0.13,uw,uw10792918,2022-07-16T01:43:27.862Z,"9 km ENE of Fall City, Washington",earthquake,0.228,0.17,0.03,11,reviewed,uw,uw
2009-12-24T16:00:10.330Z,47.5211667,-121.8315,15.702,2.8,md,50,70,0.03889,0.18,uw,uw10791123,2022-07-15T23:18:14.044Z,"0 km SSW of Snoqualmie, Washington",earthquake,,0.02,0.02,17,reviewed,uw,uw
2009-09-04T19:39:50.870Z,47.3118333,-122.377,20.881,2.7,md,68,33,0.08699,0.15,uw,uw10775568,2022-07-15T17:10:12.899Z,"3 km ESE of Dash Point, Washington",earthquake,0.094,0.28,0.03,24,reviewed,uw,uw
2009-05-20T19:06:38.260Z,47.6036667,-121.8648333,20.568,2.5,md,42,40,0.1098,0.32,uw,uw10776823,2022-07-15T10:21:28.799Z,"Washington",earthquake,0.269,0.24,0.04,15,reviewed,uw,uw
2009-05-01T15:14:37.980Z,47.6556667,-122.1338333,7.437,2.58,ml,33,29,0.0116,0.59,uw,uw10764758,2022-07-15T09:16:21.363Z,"2 km SSW of Redmond, Washington",earthquake,0.69,1.12,0.152,68,reviewed,uw,uw
2008-11-26T07:31:27.890Z,47.7783333,-121.7723333,17.244,2.8,md,64,36,0.02556,0.31,uw,uw10763258,2022-07-14T21:57:03.743Z,"9 km SSE of Sultan, Washington",earthquake,0.237,0.41,0.05,20,reviewed,uw,uw
2008-09-17T22:05:19.870Z,47.5225,-121.8098333,23.486,2.7,md,59,71,0.0329,0.24,uw,uw10751608,2022-07-14T20:18:48.889Z,"1 km ESE of Snoqualmie, Washington",earthquake,0.286,0.31,0.03,18,reviewed,uw,uw
2008-03-26T14:03:59.970Z,47.3338333,-122.3313333,22.783,2.5,md,49,54,0.06073,0.28,uw,uw10741643,2016-07-22T23:17:31.210Z,"1 km NW of Federal Way, Washington",earthquake,0.478,0.39,0.04,14,reviewed,uw,uw
2008-02-05T04:46:36.250Z,47.4031667,-122.067,11.207,2.6,md,48,67,0.1128,0.26,uw,uw10734978,2016-07-22T23:15:35.590Z,"1 km NW of Maple Valley, Washington",earthquake,0.258,0.53,0.07,7,reviewed,uw,uw
2007-07-01T22:30:28.530Z,47.8318333,-121.8575,7.247,2.8,md,49,38,0.066,0.4,uw,uw10720908,2016-07-22T22:55:55.880Z,"4 km SW of Sultan, Washington",earthquake,0.488,0.68,0.05,9,reviewed,uw,uw
2007-06-16T12:28:51.340Z,47.3351667,-122.4615,23.983,2.81,md,96,35,0.08845,0.29,uw,uw10715048,2016-07-22T22:55:03.320Z,"3 km NW of Dash Point, Washington",earthquake,0.112,0.23,0.04,12,reviewed,uw,uw
2006-10-28T18:31:32.860Z,47.7635,-121.867,6.767,2.8,md,37,35,0.07748,0.25,uw,uw10709933,2016-07-22T22:33:36.510Z,"8 km NNE of Lake Marcel-Stillwater, Washington",earthquake,0.014,0.02,0.04,9,reviewed,uw,uw
2006-10-03T05:03:02.210Z,47.4145,-122.5208333,54.144,2.7,md,72,36,0.04567,0.22,uw,uw10699918,2016-07-22T22:30:51.430Z,"3 km ENE of Maplewood, Washington",earthquake,0.042,0.16,0.04,10,reviewed,uw,uw
2006-05-12T13:24:19.000Z,47.532,-121.7086667,15.429,2.5,md,42,51,,0.32,uw,uw10692818,2016-07-22T22:12:59.420Z,"6 km NNE of Tanner, Washington",earthquake,0.036,0.04,0.04,8,reviewed,uw,uw
2006-02-11T11:47:56.590Z,47.4735,-121.7996667,7.257,2.9,md,58,28,0.01474,0.32,uw,uw10688528,2016-07-22T22:08:16.910Z,"2 km SSW of North Bend, Washington",earthquake,0.322,0.23,0.06,13,reviewed,uw,uw
2006-02-09T19:26:26.730Z,47.4796667,-121.8085,8.015,2.9,md,38,57,0.02019,0.2,uw,uw10688368,2016-07-22T22:05:13.800Z,"2 km SW of North Bend, WA",earthquake,0.255,0.2,0.03,9,reviewed,uw,uw
2005-02-04T19:30:05.830Z,47.3126667,-122.3816667,27.481,2.5,md,55,67,,0.24,uw,uw10622683,2016-07-22T20:58:19.600Z,"3 km ESE of Dash Point, Washington",earthquake,0.508,0.59,0.03,10,reviewed,uw,uw
2004-04-25T14:42:33.320Z,47.8236667,-121.8668333,17.316,2.5,md,47,55,,0.22,uw,uw10613078,2016-07-23T02:03:39.940Z,"5 km SW of Sultan, Washington",earthquake,0.424,0.47,0.04,9,reviewed,uw,uw
2003-06-20T15:29:56.500Z,47.6225,-122.169,32.085,2.5,md,79,23,,0.42,uw,uw10586433,2016-07-23T01:42:05.130Z,"Puget Sound region, Washington",earthquake,0.78,0.71,0.04,25,reviewed,uw,uw
2003-06-20T02:01:23.320Z,47.6533333,-121.9863333,19.548,3.51,md,90,24,,0.29,uw,uw10586008,2022-06-18T06:55:16.372Z,"2 km NNW of Ames Lake, Washington",earthquake,0.46,0.49,0.03,23,reviewed,uw,uw
2003-04-17T01:38:02.960Z,47.6883333,-122.0973333,13.608,2.7,md,60,37,,0.45,uw,uw10581223,2016-07-23T01:38:43.940Z,"2 km NE of Redmond, Washington",earthquake,0.63,0.82,0.03,20,reviewed,uw,uw
2003-02-08T18:39:10.290Z,47.5195,-121.898,5.414,2.8,md,65,23,,0.31,uw,uw10575838,2016-07-23T01:32:08.920Z,"Washington",earthquake,0.456,0.68,0.03,22,reviewed,uw,uw
2003-01-31T22:47:28.180Z,47.7438333,-121.8381667,-0.333,2.5,md,66,23,,0.38,uw,uw10834258,2016-07-23T01:31:39.570Z,"8 km NE of Lake Marcel-Stillwater, Washington",earthquake,0.036,0.06,0.03,16,reviewed,uw,uw
2003-01-14T20:52:50.900Z,47.5911667,-121.906,2.016,2.5,md,50,46,,0.19,uw,uw10574108,2016-07-23T01:30:39.920Z,"2 km NNW of Fall City, Washington",earthquake,0.022,0.03,0.03,20,reviewed,uw,uw
2002-10-08T10:40:23.590Z,47.5851667,-121.8401667,17.126,2.9,md,86,33,,0.23,uw,uw10567483,2016-07-23T01:18:00.710Z,"4 km ENE of Fall City, Washington",earthquake,0.342,0.39,0.03,28,reviewed,uw,uw
2002-07-31T09:01:57.630Z,47.4256667,-122.1686667,59.618,3.28,md,42,62,0.0152,0.51,uw,uw10568513,2017-04-01T20:01:06.388Z,"1 km NNE of East Hill-Meridian, Washington",earthquake,1.8,1.33,0.241,28,reviewed,uw,uw
2002-07-22T07:27:34.910Z,47.409,-121.7848333,27.459,3.1,md,85,64,,0.22,uw,uw10564778,2022-06-18T05:29:18.417Z,"4 km SSW of Wilderness Rim, Washington",earthquake,0.416,0.49,0.03,15,reviewed,uw,uw
2001-03-11T17:08:54.120Z,47.602,-121.9151667,21.283,2.9,md,51,85,0.08352,0.17,uw,uw10522983,2016-07-23T00:31:23.470Z,"4 km NNW of Fall City, Washington",earthquake,0.436,0.42,0.04,6,reviewed,uw,uw
2001-03-09T20:45:58.410Z,47.3861667,-122.0456667,12.115,2.5,md,33,32,0.09119,0.19,uw,uw10522138,2016-07-23T00:31:14.000Z,"0 km S of Maple Valley, Washington",earthquake,0.397,0.8,0.05,6,reviewed,uw,uw
2001-02-20T06:22:07.750Z,47.7853333,-122.3276667,24.323,2.5,md,42,36,,0.15,uw,uw10526163,2016-07-23T00:29:52.630Z,"1 km WSW of Mountlake Terrace, Washington",earthquake,0.354,0.4,0.04,10,reviewed,uw,uw
2001-02-14T22:03:58.910Z,47.5181667,-121.8973333,6.294,3.1,md,45,90,0.02932,0.16,uw,uw10524193,2022-08-09T07:23:02.582Z,"5 km S of Fall City, Washington",earthquake,0.344,0.36,0.05,16,reviewed,uw,uw
2000-07-31T03:12:50.640Z,47.4683333,-121.7495,17.033,2.7,md,48,58,0.03971,0.22,uw,uw10513928,2016-07-23T00:03:20.770Z,"0 km NNE of Riverbend, Washington",earthquake,0.391,0.37,0.05,7,reviewed,uw,uw
1999-09-20T11:16:54.060Z,47.607,-121.7643333,16.357,2.8,md,53,34,,0.23,uw,uw10484873,2016-07-23T19:04:30.640Z,"Washington",earthquake,0.38,0.62,0.04,11,reviewed,uw,uw
1999-07-02T05:22:19.300Z,47.3685,-122.3991667,26.999,3.1,md,57,26,,0.33,uw,uw10474143,2017-04-02T05:16:21.451Z,"5 km NNE of Dash Point, Washington",earthquake,0.545,0.64,0.04,10,reviewed,uw,uw
1998-06-24T15:53:17.850Z,47.7643333,-121.8851667,3.406,2.5,md,30,64,,0.13,uw,uw10455873,2016-07-23T18:16:32.850Z,"Washington",earthquake,0.028,0.09,0.04,8,reviewed,uw,uw
1998-02-12T00:15:39.380Z,47.6728333,-122.4971667,29.576,3,md,45,50,,0.28,uw,uw10434503,2016-07-23T18:01:07.060Z,"5 km NNE of Bainbridge Island, Washington",earthquake,0.63,0.93,0.04,25,reviewed,uw,uw
1997-10-19T23:06:19.090Z,47.7675,-121.8638333,4.961,3.1,md,39,41,,0.24,uw,uw10428018,2016-07-23T17:50:15.980Z,"9 km NNE of Lake Marcel-Stillwater, Washington",earthquake,0.46,1.07,0.04,11,reviewed,uw,uw
1997-09-10T22:11:12.270Z,47.2668333,-122.4095,1.255,2.7,md,13,76,0.1745,0.17,uw,uw10424213,2016-07-23T17:48:07.020Z,"3 km ENE of Tacoma, Washington",explosion,0.757,1.71,0.05,4,reviewed,uw,uw
1997-09-09T23:25:29.900Z,47.2635,-122.4091667,1.565,2.7,md,17,75,0.1735,0.14,uw,uw10424008,2016-07-23T17:48:05.940Z,"2 km ENE of Tacoma, Washington",explosion,0.085,0.17,0.06,2,reviewed,uw,uw
1997-08-22T00:03:00.050Z,47.264,-122.4145,1.054,2.9,md,19,63,0.1703,0.26,uw,uw10425138,2016-07-23T17:43:47.210Z,"2 km ENE of Tacoma, Washington",explosion,0.97,2.41,0.05,4,reviewed,uw,uw
1997-07-11T01:28:55.320Z,47.5893333,-122.5428333,5.766,3.5,md,49,39,,0.21,uw,uw10422758,2016-07-23T17:41:10.140Z,"3 km N of Manchester, Washington",earthquake,0.064,0.19,0.04,10,reviewed,uw,uw
1997-06-27T10:47:49.650Z,47.5988333,-122.5513333,0.773,3.9,md,60,21,,0.68,uw,uw10426753,2016-07-23T17:40:16.930Z,"3 km SW of Bainbridge Island, Washington",earthquake,1.111,2.61,0.08,8,reviewed,uw,uw
1997-06-27T09:56:39.540Z,47.5996667,-122.5611667,1.163,2.5,md,37,40,,0.16,uw,uw10426673,2016-07-23T17:40:16.290Z,"3 km ENE of Enetai, Washington",earthquake,0.311,0.65,0.05,6,reviewed,uw,uw
1997-06-24T20:40:10.820Z,47.5978333,-122.5501667,0.923,2.6,md,46,39,0.1684,0.19,uw,uw10425578,2016-07-23T17:39:58.410Z,"3 km SW of Bainbridge Island, Washington",earthquake,0.297,0.55,0.05,7,reviewed,uw,uw
1997-06-23T21:46:24.450Z,47.6021667,-122.5555,0.683,3.1,md,53,39,,0.2,uw,uw10420703,2016-07-23T17:39:45.110Z,"3 km SW of Bainbridge Island, Washington",earthquake,0.269,0.44,0.05,9,reviewed,uw,uw
1997-06-23T19:30:09.540Z,47.6033333,-122.5568333,1.013,2.6,md,39,39,,0.2,uw,uw10420513,2016-07-23T17:39:41.480Z,"3 km SW of Bainbridge Island, Washington",earthquake,0.35,0.65,0.05,9,reviewed,uw,uw
1997-06-23T19:13:27.010Z,47.5983333,-122.5703333,13.345,4.9,md,51,20,,0.19,uw,uw10420133,2016-07-23T17:39:37.350Z,"2 km NE of Enetai, Washington",earthquake,0.028,0.06,0.06,8,reviewed,uw,uw
1997-02-10T04:26:58.060Z,47.5533333,-122.2995,6.742,3.5,md,58,40,,0.16,uw,uw10414778,2016-07-23T17:30:32.230Z,"5 km NE of White Center, Washington",earthquake,0.028,0.02,0.02,9,reviewed,uw,uw
1996-11-26T05:22:25.600Z,47.7383333,-122.289,38.746,2.68,md,31,44,,0.53,uw,uw10412298,2016-07-23T17:27:38.620Z,"2 km SSW of Lake Forest Park, Washington",earthquake,0.79,1.18,0.205,67,reviewed,uw,uw
1996-10-27T07:53:28.420Z,47.7541667,-121.86,4.875,2.6,md,33,37,0.079,0.29,uw,uw10410078,2016-07-23T17:25:56.680Z,"7 km NNE of Lake Marcel-Stillwater, Washington",earthquake,0.58,1.22,0.06,8,reviewed,uw,uw
1996-07-12T00:17:24.170Z,47.781,-121.8833333,6.608,2.5,md,43,53,0.01967,0.28,uw,uw10400383,2016-07-23T17:13:55.870Z,"8 km ENE of Duvall, Washington",earthquake,0.496,0.64,0.08,8,reviewed,uw,uw
1996-07-03T22:04:43.710Z,47.7885,-121.879,13.794,3.2,md,48,58,,0.43,uw,uw10397103,2016-07-23T17:13:18.620Z,"9 km SSW of Sultan, Washington",earthquake,0.891,0.63,0.06,13,reviewed,uw,uw
1996-06-30T23:51:40.670Z,47.781,-121.8755,7.15,2.6,md,35,73,0.01451,0.2,uw,uw10403468,2016-07-23T17:13:05.110Z,"9 km ENE of Duvall, Washington",earthquake,0.426,0.51,0.04,7,reviewed,uw,uw
1996-06-26T19:07:48.620Z,47.7836667,-121.8566667,8.48,2.6,md,41,69,0.02384,0.22,uw,uw10401298,2016-07-23T17:12:44.410Z,"9 km SSW of Sultan, Washington",earthquake,0.504,0.29,0.06,7,reviewed,uw,uw
1996-06-19T21:50:03.050Z,47.7866667,-121.8188333,6.88,3,md,49,46,0.02589,0.47,uw,uw10398513,2016-07-23T17:12:16.800Z,"8 km S of Sultan, Washington",earthquake,0.87,0.61,0.07,12,reviewed,uw,uw
1996-06-09T14:52:51.030Z,47.763,-121.8405,7.375,3,md,47,37,0.0169,0.32,uw,uw10392358,2016-07-23T17:11:36.970Z,"9 km NE of Lake Marcel-Stillwater, Washington",earthquake,0.58,0.46,0.06,8,reviewed,uw,uw
1996-06-01T07:22:23.840Z,47.792,-121.8171667,8.035,3.2,md,46,53,,0.44,uw,uw10389368,2016-07-23T17:11:08.040Z,"7 km S of Sultan, Washington",earthquake,0.842,0.92,0.06,14,reviewed,uw,uw
1996-05-22T00:38:12.940Z,47.7575,-121.8673333,4.065,2.7,md,34,36,0.08095,0.3,uw,uw10408673,2016-07-23T17:10:23.330Z,"8 km NNE of Lake Marcel-Stillwater, Washington",earthquake,0.604,1.7,0.04,5,reviewed,uw,uw
1996-05-16T18:33:59.850Z,47.7568333,-121.854,4.485,2.6,md,40,36,0.07418,0.27,uw,uw10406073,2016-07-23T17:09:44.910Z,"8 km NNE of Lake Marcel-Stillwater, Washington",earthquake,0.51,1.3,0.04,9,reviewed,uw,uw
1996-05-15T11:24:42.460Z,47.7718333,-121.8801667,3.539,2.6,md,35,50,0.08157,0.22,uw,uw10405473,2016-07-23T17:09:36.190Z,"8 km ENE of Duvall, Washington",earthquake,0.61,1.28,0.04,4,reviewed,uw,uw
1996-05-12T12:51:53.350Z,47.7588333,-121.8485,5.625,2.8,md,39,37,0.07004,0.16,uw,uw10403768,2016-07-23T17:09:17.920Z,"8 km NE of Lake Marcel-Stillwater, Washington",earthquake,0.304,0.61,0.05,10,reviewed,uw,uw
1996-05-12T04:36:11.920Z,47.7645,-121.8828333,3.725,2.7,md,42,43,0.08632,0.29,uw,uw10403533,2016-07-23T17:09:15.400Z,"8 km ENE of Duvall, Washington",earthquake,0.552,1.98,0.04,7,reviewed,uw,uw
1996-05-10T06:41:08.610Z,47.7693333,-121.8833333,7.969,2.7,md,40,46,0.001684,0.19,uw,uw10402078,2016-07-23T17:05:59.860Z,"8 km ENE of Duvall, Washington",earthquake,0.404,0.33,0.03,7,reviewed,uw,uw
1996-05-07T07:30:01.090Z,47.765,-121.8616667,3.589,2.7,md,36,45,0.07363,0.21,uw,uw10400208,2016-07-23T17:05:36.350Z,"8 km NNE of Lake Marcel-Stillwater, Washington",earthquake,0.715,1.77,0.03,7,reviewed,uw,uw
1996-05-07T04:39:16.970Z,47.7613333,-121.8556667,4.248,2.7,md,35,35,0.07232,0.16,uw,uw10399938,2016-07-23T17:05:32.420Z,"8 km NNE of Lake Marcel-Stillwater, Washington",earthquake,0.028,0.09,0.02,8,reviewed,uw,uw
1996-05-05T11:06:23.530Z,47.7705,-121.8745,8.134,3,md,32,45,0.01173,0.18,uw,uw10398118,2016-07-23T17:05:02.050Z,"8 km ENE of Duvall, Washington",earthquake,0.474,0.31,0.04,12,reviewed,uw,uw
1996-05-05T09:06:10.860Z,47.7758333,-121.8738333,6.939,2.6,md,37,48,0.02373,0.26,uw,uw10398038,2016-07-23T17:04:59.740Z,"9 km ENE of Duvall, Washington",earthquake,0.556,0.67,0.03,6,reviewed,uw,uw
1996-05-05T08:13:39.570Z,47.7578333,-121.86,4.459,2.6,md,44,34,0.004487,0.31,uw,uw10397843,2016-07-23T17:04:57.810Z,"8 km NNE of Lake Marcel-Stillwater, Washington",earthquake,0.588,0.62,0.04,7,reviewed,uw,uw
1996-05-05T07:25:43.120Z,47.77,-121.8596667,6.208,2.6,md,38,42,0.01018,0.21,uw,uw10397688,2016-07-23T17:04:56.810Z,"9 km NNE of Lake Marcel-Stillwater, Washington",earthquake,0.488,0.44,0.05,4,reviewed,uw,uw
1996-05-04T19:57:56.250Z,47.7666667,-121.8746667,6.569,2.5,md,31,46,0.02555,0.19,uw,uw10397283,2016-07-23T17:04:46.080Z,"8 km ENE of Duvall, Washington",earthquake,0.446,0.61,0.05,4,reviewed,uw,uw
1996-05-04T15:37:20.450Z,47.7733333,-121.8796667,6.149,2.5,md,43,48,0.02767,0.22,uw,uw10396948,2016-07-23T17:04:43.740Z,"8 km ENE of Duvall, Washington",earthquake,0.46,0.7,0.04,3,reviewed,uw,uw
1996-05-04T14:38:27.900Z,47.7711667,-121.8733333,6.43,3.3,md,14,75,,0.41,uw,uw10396863,2016-07-23T17:04:40.950Z,"9 km ENE of Duvall, Washington",earthquake,1.708,2,0.03,13,reviewed,uw,uw
1996-05-04T12:16:46.770Z,47.7798333,-121.8596667,6.939,2.6,md,34,49,0.01507,0.28,uw,uw10396703,2016-07-23T17:04:39.070Z,"9 km SSW of Sultan, Washington",earthquake,0.714,0.8,0.04,4,reviewed,uw,uw
1996-05-03T23:14:50.390Z,47.7703333,-121.8843333,6.882,3.4,md,44,46,,0.25,uw,uw10396018,2016-07-23T17:04:26.040Z,"8 km ENE of Duvall, Washington",earthquake,0.503,0.6,0.06,5,reviewed,uw,uw
1996-05-03T17:33:47.470Z,47.7625,-121.871,6.409,2.5,md,28,43,0.02495,0.18,uw,uw10395513,2016-07-23T17:04:15.650Z,"8 km NNE of Lake Marcel-Stillwater, Washington",earthquake,0.439,0.61,0.04,6,reviewed,uw,uw
1996-05-03T16:07:55.470Z,47.7696667,-121.8605,5.009,2.5,md,35,42,0.01553,0.29,uw,uw10395363,2016-07-23T17:04:13.580Z,"9 km NNE of Lake Marcel-Stillwater, Washington",earthquake,0.658,1.08,0.02,4,reviewed,uw,uw
1996-05-03T16:02:30.910Z,47.7688333,-121.8668333,5.799,3.1,md,44,43,,0.28,uw,uw10395293,2016-07-23T17:04:12.540Z,"9 km NNE of Lake Marcel-Stillwater, Washington",earthquake,0.552,0.72,0.05,4,reviewed,uw,uw
1996-05-03T15:27:24.310Z,47.758,-121.8628333,7.013,2.7,md,22,55,0.02329,0.25,uw,uw10395193,2016-07-23T17:04:11.340Z,"8 km NNE of Lake Marcel-Stillwater, Washington",earthquake,0.763,0.7,0.03,4,reviewed,uw,uw
1996-05-03T06:22:26.950Z,47.7636667,-121.8691667,4.499,2.6,md,32,71,0.07865,0.16,uw,uw10392593,2016-07-23T17:03:41.220Z,"8 km NNE of Lake Marcel-Stillwater, Washington",earthquake,0.028,0.09,0.03,4,reviewed,uw,uw
1996-05-03T05:51:43.850Z,47.7683333,-121.8871667,1.432,2.7,md,19,67,0.0873,0.31,uw,uw10392008,2016-07-23T17:03:29.270Z,"7 km ENE of Duvall, Washington",earthquake,0.826,0.98,0.03,5,reviewed,uw,uw
1996-05-03T04:56:44.800Z,47.791,-121.831,5,3.5,md,,,,,us,usp0007gx0,2014-11-07T01:00:24.478Z,"8 km S of Sultan, Washington",earthquake,,,,,reviewed,sea,sea
1996-05-03T04:13:36.590Z,47.7505,-121.8678333,2.199,3,md,38,35,0.08542,0.19,uw,uw10390303,2016-07-23T17:03:02.940Z,"7 km NNE of Lake Marcel-Stillwater, Washington",earthquake,0.46,0.7,0.03,9,reviewed,uw,uw
1996-05-03T04:04:22.670Z,47.7608333,-121.876,3.825,5.4,md,51,40,,0.27,uw,uw10389973,2022-04-29T20:19:17.216Z,"8 km NNE of Lake Marcel-Stillwater, Washington",earthquake,0.566,2.12,0.03,9,reviewed,uw,uw
1996-04-02T17:29:16.340Z,47.6846667,-121.9291667,22.329,2.9,md,50,42,0.161,0.12,uw,uw10389513,2016-07-23T17:01:34.440Z,"1 km SW of Lake Marcel-Stillwater, Washington",earthquake,0.29,0.47,0.03,11,reviewed,uw,uw
1996-02-20T22:02:13.190Z,47.767,-121.8628333,4.961,2.6,md,40,41,0.07327,0.31,uw,uw10393683,2016-07-23T16:59:34.070Z,"9 km NNE of Lake Marcel-Stillwater, Washington",earthquake,0.525,1.26,0.06,8,reviewed,uw,uw
1996-01-21T19:15:25.210Z,47.4496667,-121.7948333,19.638,2.8,md,38,92,0.01268,0.16,uw,uw10393548,2016-07-23T16:58:19.180Z,"2 km W of Wilderness Rim, Washington",earthquake,0.036,0.05,0.03,11,reviewed,uw,uw
1996-01-21T16:06:33.270Z,47.4506667,-121.7875,20.418,3.3,md,43,93,0.01568,0.13,uw,uw10393478,2016-07-23T16:58:18.360Z,"1 km WNW of Wilderness Rim, Washington",earthquake,0.032,0.05,0.02,7,reviewed,uw,uw
1995-10-25T01:12:12.950Z,47.6706667,-121.8676667,15.269,2.6,md,56,41,0.1223,0.25,uw,uw10384783,2016-07-23T16:50:26.380Z,"4 km NE of Carnation, Washington",earthquake,0.426,0.61,0.06,15,reviewed,uw,uw
1995-09-09T03:08:53.960Z,47.4988333,-121.7936667,17.428,2.5,md,45,92,0.04029,0.15,uw,uw10374148,2016-07-23T16:46:10.870Z,"0 km NW of North Bend, Washington",earthquake,0.411,0.55,0.04,4,reviewed,uw,uw
1995-07-15T14:36:18.640Z,47.624,-122.2015,24.493,3,md,50,31,0.07698,0.14,uw,uw10376828,2016-07-23T16:37:25.430Z,"1 km SE of Clyde Hill, Washington",earthquake,0.028,0.05,0.05,19,reviewed,uw,uw
1995-07-15T02:41:36.360Z,47.6211667,-122.196,29.043,2.7,md,51,32,0.07601,0.26,uw,uw10376353,2016-07-23T16:37:18.870Z,"1 km NNE of Bellevue, Washington",earthquake,0.368,0.68,0.09,15,reviewed,uw,uw
1995-02-10T11:17:36.950Z,47.7311667,-122.299,23.181,2.9,md,32,42,0.1812,0.11,uw,uw10363438,2016-07-23T16:23:56.560Z,"3 km SSW of Lake Forest Park, Washington",earthquake,0.262,0.57,0.07,11,reviewed,uw,uw
1995-01-29T03:11:22.680Z,47.3866667,-122.3638333,15.449,5,md,56,23,0.1848,0.17,uw,uw10366973,2022-04-29T17:48:35.996Z,"3 km WSW of Des Moines, Washington",earthquake,0.042,0.09,0.04,6,reviewed,uw,uw
1994-11-29T11:56:47.540Z,47.4341667,-121.8255,18.128,2.9,md,76,32,0.02845,0.25,uw,uw10362803,2016-07-24T00:35:58.700Z,"4 km WSW of Wilderness Rim, Washington",earthquake,0.516,0.93,0.06,9,reviewed,uw,uw
1994-07-22T09:56:58.990Z,47.6293333,-122.088,5.621,3.2,md,48,34,0.1317,0.23,uw,uw10352723,2016-07-24T00:23:57.410Z,"1 km SSW of Sammamish, Washington",earthquake,0.376,1.08,0.08,11,reviewed,uw,uw
1994-06-18T11:19:01.270Z,47.5125,-121.8653333,16.63,2.7,md,63,97,0.06632,0.17,uw,uw10350463,2016-07-24T00:21:25.910Z,"3 km WSW of Snoqualmie, Washington",earthquake,0.336,0.49,0.06,6,reviewed,uw,uw
1994-06-18T09:05:50.150Z,47.5115,-121.8648333,17.19,2.5,md,38,98,0.06531,0.15,uw,uw10350153,2016-07-24T00:21:24.670Z,"3 km WSW of Snoqualmie, Washington",earthquake,0.358,0.52,0.04,4,reviewed,uw,uw
1994-04-19T00:16:08.140Z,47.3726667,-121.8036667,11.141,2.9,md,52,44,0.08693,0.23,uw,uw10346233,2016-07-24T00:17:09.740Z,"8 km SSW of Wilderness Rim, Washington",earthquake,0.551,1,0.07,11,reviewed,uw,uw
1993-11-08T02:58:14.280Z,47.6515,-122.031,21.283,2.5,md,56,33,,0.39,uw,uw10318943,2016-07-23T23:44:23.020Z,"3 km S of Union Hill-Novelty Hill, Washington",earthquake,0.509,0.79,0.08,9,reviewed,uw,uw
1992-05-04T15:05:57.580Z,47.789,-121.8443333,16.836,2.5,md,35,55,0.05298,0.22,uw,uw10292358,2016-07-23T22:51:56.910Z,"8 km SSW of Sultan, Washington",earthquake,0.544,0.51,0.04,16,reviewed,uw,uw
1992-04-19T17:06:50.560Z,47.461,-122.0535,22.567,3.1,md,60,32,0.1606,0.25,uw,uw10289098,2016-07-23T22:50:40.410Z,"3 km ENE of Maple Heights-Lake Desire, Washington",earthquake,0.504,0.84,0.06,24,reviewed,uw,uw
1992-03-29T02:55:07.530Z,47.6253333,-122.1973333,25.104,3.2,md,43,42,0.07936,0.12,uw,uw10290798,2016-07-23T22:49:24.560Z,"1 km N of Bellevue, Washington",earthquake,0.022,0.04,0.01,35,reviewed,uw,uw
1991-03-22T23:01:29.330Z,47.3971667,-122.0805,5.473,2.6,md,56,32,0.193,0.44,uw,uw10273078,2016-07-23T22:18:07.980Z,"2 km W of Maple Valley, Washington",earthquake,0.903,2.37,0.07,28,reviewed,uw,uw
1991-03-17T19:34:42.280Z,47.6231667,-121.9448333,21.672,2.7,md,47,48,0.1886,0.16,uw,uw10271683,2016-07-23T22:17:41.790Z,"1 km SE of Ames Lake, Washington",earthquake,0.391,0.76,0.04,34,reviewed,uw,uw
1991-02-18T23:17:38.410Z,47.6261667,-122.1915,24.251,2.5,md,31,54,0.08185,0.1,uw,uw10272023,2016-07-23T22:16:29.870Z,"1 km NNE of Bellevue, Washington",earthquake,0.283,0.43,0.05,7,reviewed,uw,uw
1990-12-30T02:20:56.990Z,47.4738333,-121.8121667,16.651,3.5,md,43,47,,0.28,uw,uw10273288,2016-07-23T22:13:58.670Z,"3 km SW of North Bend, Washington",earthquake,0.678,1,0.07,23,reviewed,uw,uw
1990-12-11T11:52:46.030Z,47.7936667,-122.2855,18.462,2.5,md,35,42,0.1405,0.33,uw,uw10267978,2016-07-23T22:12:28.960Z,"1 km NW of Brier, Washington",earthquake,0.722,1.22,0.04,18,reviewed,uw,uw
1990-11-02T07:49:06.240Z,47.7861667,-122.3378333,23.062,2.7,md,37,42,0.1334,0.17,uw,uw10265128,2016-07-23T22:11:13.200Z,"1 km ESE of Esperance, Washington",earthquake,0.389,0.96,0.03,32,reviewed,uw,uw
1990-07-27T22:00:35.540Z,47.6386667,-122.4828333,22.107,3,md,39,32,0.1183,0.11,uw,uw10265868,2016-07-23T22:01:12.130Z,"3 km ENE of Bainbridge Island, Washington",earthquake,0.276,0.56,0.03,16,reviewed,uw,uw
1990-03-17T08:39:36.820Z,47.3231667,-122.3006667,6.485,3,md,50,31,,0.15,uw,uw10256233,2016-07-23T21:48:49.530Z,"Puget Sound region, Washington",earthquake,0.262,0.73,0.06,27,reviewed,uw,uw
1990-03-06T01:56:06.460Z,47.4716667,-122.0283333,14.266,2.6,md,50,66,0.151,0.15,uw,uw10253608,2016-07-23T21:48:19.650Z,"2 km WNW of Mirrormont, Washington",earthquake,0.358,0.66,0.05,11,reviewed,uw,uw
1990-02-07T08:20:35.050Z,47.7836667,-122.4076667,19.727,2.5,md,30,50,0.1355,0.21,uw,uw10252988,2016-07-23T21:46:52.350Z,"2 km SW of Woodway, Washington",earthquake,0.481,0.77,0.07,13,reviewed,uw,uw
1990-01-15T14:00:57.140Z,47.4206667,-122.0871667,18.863,2.6,md,49,49,0.1716,0.12,uw,uw10254223,2016-07-23T21:45:28.520Z,"2 km SSE of Maple Heights-Lake Desire, Washington",earthquake,0.305,0.54,0.04,32,reviewed,uw,uw
1989-04-21T09:40:43.700Z,47.3921667,-122.0561667,4.233,2.8,md,53,34,0.207,0.42,uw,uw10243143,2016-07-24T20:57:16.750Z,"0 km W of Maple Valley, Washington",earthquake,0.684,2.21,0.07,28,reviewed,uw,uw
1989-04-17T09:52:03.020Z,47.7565,-122.5511667,21.386,2.5,md,31,45,0.07328,0.17,uw,uw10242153,2016-07-24T20:57:00.440Z,"2 km WNW of Indianola, Washington",earthquake,0.404,0.72,0.04,22,reviewed,uw,uw
1989-02-21T06:48:21.660Z,47.3235,-122.46,15.788,3,md,53,30,0.1763,0.21,uw,uw10242243,2016-07-24T20:53:43.200Z,"2 km W of Dash Point, Washington",earthquake,0.391,0.6,0.03,23,reviewed,uw,uw
1989-01-19T12:34:12.680Z,47.5693333,-121.8995,2.121,2.9,md,50,43,0.1266,0.3,uw,uw10241663,2016-07-24T20:48:29.040Z,"0 km WNW of Fall City, Washington",earthquake,0.659,1.14,0.06,12,reviewed,uw,uw
1989-01-19T12:21:42.240Z,47.5685,-121.9035,2.261,2.7,md,43,50,0.1273,0.15,uw,uw10241588,2016-07-24T20:48:27.370Z,"1 km W of Fall City, Washington",earthquake,0.354,0.61,0.04,25,reviewed,uw,uw
1989-01-17T13:55:28.820Z,47.6531667,-122.1905,1.292,3.3,md,40,51,0.08038,0.24,uw,uw10241068,2016-07-24T20:48:20.610Z,"2 km ENE of Yarrow Point, Washington",earthquake,0.468,0.87,0.06,20,reviewed,uw,uw
1988-12-19T20:11:40.610Z,47.5711667,-122.3983333,7.917,2.8,md,43,38,0.1026,0.16,uw,uw10238728,2016-07-24T20:47:07.320Z,"6 km SW of Seattle, Washington",earthquake,0.028,0.06,0.03,27,reviewed,uw,uw
1988-11-29T04:13:56.820Z,47.5711667,-122.4028333,10.349,2.6,md,40,37,0.1044,0.17,uw,uw10237973,2016-07-24T20:45:56.750Z,"6 km SW of Seattle, Washington",earthquake,0.375,0.87,0.04,21,reviewed,uw,uw
1988-10-23T00:40:19.970Z,47.8173333,-122.3626667,19.057,2.8,md,34,45,0.1604,0.14,uw,uw10235358,2016-07-24T20:44:11.800Z,"1 km NE of Edmonds, Washington",earthquake,0.34,0.7,0.03,32,reviewed,uw,uw
1988-08-16T18:32:20.650Z,47.428,-121.861,18.487,2.6,md,44,37,0.04859,0.32,uw,uw10235668,2016-07-24T20:41:10.190Z,"7 km WSW of Wilderness Rim, Washington",earthquake,0.801,0.86,0.06,21,reviewed,uw,uw
1988-08-15T13:57:15.020Z,47.7013333,-122.1033333,12.754,2.6,md,40,44,0.1434,0.28,uw,uw10235383,2016-07-24T20:41:05.670Z,"3 km NNE of Redmond, Washington",earthquake,0.609,1.46,0.09,13,reviewed,uw,uw
1988-06-16T11:05:04.790Z,47.7071667,-121.8973333,7.091,3.1,md,38,32,0.1298,0.29,uw,uw10233403,2016-07-24T20:34:50.690Z,"2 km NE of Lake Marcel-Stillwater, Washington",earthquake,0.52,1.01,0.05,19,reviewed,uw,uw
1988-01-26T08:13:38.010Z,47.4141667,-121.8156667,19.05,2.9,md,51,45,,0.27,uw,uw10229918,2016-07-24T20:29:08.800Z,"5 km SW of Wilderness Rim, Washington",earthquake,0.563,0.71,0.04,27,reviewed,uw,uw
1987-06-26T14:42:38.880Z,47.8131667,-122.3495,14.617,2.7,md,37,44,0.1695,0.24,uw,uw10222423,2016-07-24T20:15:19.100Z,"2 km E of Edmonds, Washington",earthquake,0.418,0.85,0.05,21,reviewed,uw,uw
1987-04-15T13:22:10.640Z,47.4936667,-122.2841667,22.503,2.5,md,47,47,,0.19,uw,uw10218408,2016-07-24T20:12:54.420Z,"1 km NE of Riverton, Washington",earthquake,0.304,0.66,0.08,42,reviewed,uw,uw
1987-04-07T15:25:01.880Z,47.4965,-122.2806667,25.337,2.6,md,41,48,0.06142,0.14,uw,uw10217518,2016-07-24T20:12:30.970Z,"1 km NE of Riverton, Washington",earthquake,0.339,0.67,0.05,20,reviewed,uw,uw
1987-01-15T17:58:13.180Z,47.8285,-122.443,19.266,2.7,md,25,46,,0.15,uw,uw10215308,2016-07-24T20:07:05.680Z,"5 km WNW of Edmonds, Washington",earthquake,0.361,0.63,0.05,23,reviewed,uw,uw
1986-05-04T20:14:00.500Z,47.8241667,-122.511,24.536,2.6,md,28,45,,0.13,uw,uw10206288,2016-07-24T19:50:36.520Z,"3 km NNW of Kingston, Washington",earthquake,0.028,0.05,0.04,23,reviewed,uw,uw
1986-03-11T07:23:21.050Z,47.3351667,-122.488,6.618,2.9,md,56,26,,0.28,uw,uw10203703,2016-07-24T19:47:30.610Z,"4 km NNE of Ruston, Washington",earthquake,0.498,1.93,0.06,34,reviewed,uw,uw
1985-11-06T10:18:31.460Z,47.5853333,-121.9965,5.966,2.5,md,32,42,0.1727,0.3,uw,uw10198483,2016-07-24T19:39:54.930Z,"1 km NNE of Klahanie, Washington",earthquake,0.735,2,0.1,20,reviewed,uw,uw
1985-10-15T17:47:37.530Z,47.4681667,-121.7443333,14.846,2.7,md,40,58,,0.14,uw,uw10200118,2016-07-24T19:39:04.650Z,"0 km ENE of Riverbend, Washington",earthquake,0.381,0.47,0.07,22,reviewed,uw,uw
1985-09-23T18:29:13.500Z,47.697,-122.1448333,8.243,2.6,md,31,49,0.1587,0.15,uw,uw10195668,2016-07-24T19:37:55.190Z,"3 km NW of Redmond, Washington",earthquake,0.375,0.88,0.07,17,reviewed,uw,uw
1985-09-14T06:24:24.660Z,47.3905,-122.3833333,19.469,3,md,52,34,,0.14,uw,uw10194113,2016-07-24T19:37:32.800Z,"4 km WSW of Des Moines, Washington",earthquake,0.276,0.44,0.04,33,reviewed,uw,uw
1985-09-10T02:05:13.830Z,47.3875,-122.3416667,14.318,2.5,md,33,35,,0.15,uw,uw10193318,2016-07-24T19:37:23.260Z,"2 km SW of Des Moines, Washington",earthquake,0.403,1.03,0.06,17,reviewed,uw,uw
1985-07-06T23:46:41.950Z,47.7253333,-122.226,17.533,3.1,md,42,37,,0.16,uw,uw10191998,2016-07-24T19:34:07.840Z,"0 km NE of Inglewood-Finn Hill, Washington",earthquake,0.369,0.71,0.05,23,reviewed,uw,uw
1985-06-16T10:22:59.250Z,47.4343333,-121.8261667,16.356,3.1,md,41,37,,0.14,uw,uw10197548,2016-07-24T19:33:06.140Z,"4 km WSW of Wilderness Rim, Washington",earthquake,0.028,0.05,0.04,22,reviewed,uw,uw
1985-05-02T22:10:34.360Z,47.827,-122.5355,21.715,2.8,md,27,45,0.0442,0.32,uw,uw10186403,2016-07-24T19:22:29.070Z,"4 km NW of Kingston, Washington",earthquake,0.915,1.37,0.05,17,reviewed,uw,uw
1985-04-26T01:10:44.320Z,47.288,-122.4683333,57.251,2.5,md,39,36,,0.22,uw,uw10189113,2016-07-24T19:22:08.870Z,"2 km SW of Browns Point, Washington",earthquake,0.637,1.27,0.1,14,reviewed,uw,uw
1985-03-24T16:55:03.800Z,47.6068333,-122.213,2.446,2.7,md,34,37,0.05813,0.21,uw,uw10189583,2016-07-24T19:21:11.900Z,"1 km WSW of Bellevue, Washington",earthquake,0.558,0.67,0.09,10,reviewed,uw,uw
1985-03-21T02:39:21.700Z,47.6075,-122.2031667,7.346,3,md,33,46,,0.11,uw,uw10188983,2016-07-24T19:21:05.890Z,"0 km SSW of Bellevue, Washington",earthquake,0.276,0.38,0.05,27,reviewed,uw,uw
1985-01-29T20:39:27.230Z,47.4271667,-121.8053333,16.876,2.7,md,41,62,,0.26,uw,uw10189693,2016-07-24T19:19:38.420Z,"3 km SW of Wilderness Rim, Washington",earthquake,0.664,0.88,0.07,17,reviewed,uw,uw
1985-01-23T12:54:36.060Z,47.7678333,-122.439,17.929,2.6,md,34,40,,0.22,uw,uw10188738,2016-07-24T19:19:26.740Z,"5 km SW of Woodway, Washington",earthquake,0.554,1.26,0.06,12,reviewed,uw,uw
1985-01-10T14:05:13.580Z,47.7608333,-121.8538333,0.389,2.5,md,26,55,0.07162,0.32,uw,uw10186913,2016-07-24T19:18:59.800Z,"8 km NNE of Lake Marcel-Stillwater, Washington",earthquake,0.78,1.28,0.1,12,reviewed,uw,uw
1984-11-30T11:06:59.980Z,47.6816667,-122.1791667,23.206,2.7,md,38,34,0.1362,0.13,uw,uw10184738,2016-07-24T23:35:42.870Z,"2 km E of Kirkland, Washington",earthquake,0.354,0.54,0.09,8,reviewed,uw,uw
1984-10-12T03:45:18.880Z,47.8081667,-122.3425,17.364,2.5,md,31,61,0.2102,0.15,uw,uw10182268,2016-07-24T23:34:14.600Z,"2 km NNE of Esperance, Washington",earthquake,0.361,0.69,0.11,8,reviewed,uw,uw
1984-09-20T02:16:03.510Z,47.4936667,-122.3063333,25.912,2.7,md,36,52,,0.13,uw,uw10212488,2016-07-24T23:33:30.330Z,"0 km NE of Boulevard Park, Washington",earthquake,0.368,0.69,0.05,10,reviewed,uw,uw
1984-07-24T22:12:56.280Z,47.7398333,-122.4228333,20.692,2.7,md,33,45,,0.15,uw,uw10178163,2016-07-24T23:28:03.730Z,"6 km WSW of Shoreline, Washington",earthquake,0.34,0.96,0.07,4,reviewed,uw,uw
1984-04-27T23:06:58.110Z,47.6086667,-121.964,9.137,2.9,md,40,38,,0.21,uw,uw10175708,2016-07-24T23:25:14.690Z,"2 km S of Ames Lake, Washington",earthquake,0.453,1.92,0.08,9,reviewed,uw,uw
1984-03-14T08:50:05.340Z,47.7791667,-122.3243333,22.089,2.7,md,33,53,0.2317,0.13,uw,uw10173913,2016-07-24T23:22:05.370Z,"1 km SW of Mountlake Terrace, Washington",earthquake,0.34,0.83,0.09,8,reviewed,uw,uw
1984-01-04T01:47:06.050Z,47.6553333,-122.5138333,18.373,2.8,md,36,40,,0.17,uw,uw10168483,2016-07-24T23:15:48.010Z,"3 km N of Bainbridge Island, Washington",earthquake,0.4,0.66,0.11,6,reviewed,uw,uw
1983-12-16T11:35:19.800Z,47.3203333,-122.0043333,12.078,3,md,50,25,,0.24,uw,uw10171168,2016-07-24T23:15:17.260Z,"1 km N of Black Diamond, Washington",earthquake,0.46,1.34,0.07,10,reviewed,uw,uw
1983-10-05T03:46:50.420Z,47.4603333,-121.8376667,21.18,3,md,39,60,,0.17,uw,uw10165818,2016-07-24T23:11:51.140Z,"5 km WNW of Wilderness Rim, Washington",earthquake,0.463,0.7,0.09,10,reviewed,uw,uw
1983-06-02T01:21:38.420Z,47.674,-122.1618333,22.66,3.1,md,37,39,,0.13,uw,uw10153303,2016-07-24T23:03:28.800Z,"3 km W of Redmond, Washington",earthquake,0.333,0.62,0.02,13,reviewed,uw,uw
1983-04-03T03:43:43.860Z,47.6123333,-121.7586667,12.03,2.7,md,41,73,,0.16,uw,uw10153238,2016-07-24T22:59:41.380Z,"10 km NNE of Snoqualmie, Washington",earthquake,0.35,0.87,0.03,10,reviewed,uw,uw
1983-03-03T15:38:00.660Z,47.5651667,-121.92,1.68,2.9,md,35,47,,0.16,uw,uw10149498,2016-07-24T22:58:27.450Z,"2 km W of Fall City, Washington",earthquake,0.372,0.63,0.07,11,reviewed,uw,uw
1982-11-27T11:27:55.340Z,47.3895,-121.7001667,-0.745,2.6,md,31,67,,0.23,uw,uw10150288,2016-07-24T22:52:02.690Z,"8 km SE of Wilderness Rim, Washington",earthquake,0.058,0.1,0.05,7,reviewed,uw,uw
1982-10-15T09:56:35.860Z,47.556,-122.5766667,26.975,3,md,35,53,,0.14,uw,uw10146708,2016-07-24T22:50:25.330Z,"2 km W of Manchester, Washington",earthquake,0.38,0.55,0.09,9,reviewed,uw,uw
1982-09-15T17:32:33.750Z,47.6903333,-122.0073333,5.373,2.9,md,32,64,,0.18,uw,uw10144108,2016-07-24T22:49:31.490Z,"2 km NE of Union Hill-Novelty Hill, Washington",earthquake,0.505,1.34,0.07,2,reviewed,uw,uw
1982-08-19T07:21:29.930Z,47.6753333,-121.8275,7.37,2.6,md,29,104,,0.17,uw,uw10143823,2016-07-24T22:48:34.930Z,"6 km ESE of Lake Marcel-Stillwater, Washington",earthquake,0.532,0.79,0.1,1,reviewed,uw,uw
1982-06-09T20:41:28.590Z,47.5135,-121.9326667,6.72,2.5,md,24,66,,0.18,uw,uw10136703,2016-07-24T22:42:09.500Z,"6 km SSW of Fall City, Washington",earthquake,0.453,0.99,0.06,1,reviewed,uw,uw
1982-06-05T09:24:35.090Z,47.7108333,-122.08,6.61,2.7,md,23,57,,0.21,uw,uw10135553,2016-07-24T22:42:00.490Z,"3 km S of Cottage Lake, Washington",earthquake,0.057,0.13,0.07,1,reviewed,uw,uw
1982-06-04T16:10:33.810Z,47.7126667,-122.0786667,6.21,3,md,27,57,,0.19,uw,uw10135213,2016-07-24T22:41:58.390Z,"3 km S of Cottage Lake, Washington",earthquake,0.588,1.42,0.07,1,reviewed,uw,uw
1982-06-04T07:44:56.210Z,47.7073333,-122.0813333,1.15,2.8,md,24,56,,0.2,uw,uw10135133,2016-07-24T22:41:57.660Z,"4 km S of Cottage Lake, Washington",earthquake,0.064,0.09,0.06,1,reviewed,uw,uw
1982-04-14T07:22:43.630Z,47.6328333,-122.5168333,26.823,3.4,md,32,56,,0.1,uw,uw10128233,2016-07-24T22:40:03.090Z,"0 km NNE of Bainbridge Island, Washington",earthquake,0.312,0.62,0.03,1,reviewed,uw,uw
1982-03-06T19:17:08.820Z,47.5635,-121.7443333,7.78,2.5,md,29,72,,0.18,uw,uw10128318,2016-07-24T22:36:00.060Z,"7 km ENE of Snoqualmie, Washington",earthquake,0.541,0.85,0.07,1,reviewed,uw,uw
1982-01-02T15:49:37.780Z,47.3248333,-122.3703333,13.848,2.7,md,40,40,,0.12,uw,uw10124588,2016-07-24T22:28:45.810Z,"Puget Sound region, Washington",earthquake,0.262,0.74,0.04,1,reviewed,uw,uw
1981-01-28T21:35:41.850Z,47.5618333,-121.7418333,10.25,2.7,md,23,58,0.1114,0.19,uw,uw10096598,2016-07-24T21:54:09.550Z,"7 km ENE of Snoqualmie, Washington",earthquake,0.541,1.42,0.15,1,reviewed,uw,uw
1981-01-23T16:46:47.790Z,47.6003333,-122.4163333,22.065,3,md,29,43,0.1238,0.08,uw,uw10096313,2016-07-24T21:54:05.400Z,"6 km W of Seattle, Washington",earthquake,0.198,0.46,0.06,5,reviewed,uw,uw
1980-11-23T14:12:06.020Z,47.5311667,-121.9126667,6.68,2.8,md,37,49,,0.11,uw,uw10093383,2016-07-24T21:51:34.240Z,"4 km SSW of Fall City, Washington",earthquake,0.278,0.54,0.06,7,reviewed,uw,uw
1980-09-30T16:32:14.270Z,47.742,-122.0453333,8.187,2.8,md,29,61,,0.16,uw,uw10089403,2016-07-24T21:46:35.260Z,"2 km E of Cottage Lake, Washington",earthquake,0.042,0.09,0.1,11,reviewed,uw,uw
1980-06-23T16:09:55.040Z,47.5405,-122.2476667,-0.715,3.3,md,26,54,,0.24,uw,uw10080553,2016-07-24T21:42:06.400Z,"3 km SSW of Mercer Island, Washington",earthquake,0.071,0.17,0.1,1,reviewed,uw,uw
1980-06-23T16:05:16.430Z,47.5426667,-122.2508333,-0.685,3.7,md,21,54,,0.16,uw,uw10080533,2016-07-24T21:42:06.070Z,"3 km SW of Mercer Island, Washington",earthquake,0.042,0.1,0.07,1,reviewed,uw,uw
1980-05-06T08:28:49.470Z,47.375,-122.5513333,18.927,3,md,22,57,0.2357,0.12,uw,uw10078628,2016-07-24T21:27:52.480Z,"2 km E of Canterwood, Washington",earthquake,0.028,0.06,0.07,1,reviewed,uw,uw
1980-04-27T06:00:27.610Z,47.3745,-122.557,19.647,3.7,md,24,48,,0.13,uw,uw10086953,2016-07-24T21:27:03.730Z,"2 km E of Canterwood, Washington",earthquake,0.403,1,0.04,1,reviewed,uw,uw
1979-06-27T08:54:11.460Z,47.3853333,-122.4611667,48.438,2.5,md,18,42,0.2223,0.14,uw,uw10850078,2016-07-25T00:42:47.650Z,"6 km S of Vashon, Washington",earthquake,0.526,1.11,0.08,10,reviewed,uw,uw
1979-03-14T12:22:29.670Z,47.4883333,-122.3416667,23.919,2.5,md,20,43,0.09145,0.17,uw,uw10849223,2016-07-25T00:38:10.480Z,"2 km W of Boulevard Park, Washington",earthquake,0.581,1.01,0.07,17,reviewed,uw,uw
1979-02-01T20:18:28.630Z,47.5306667,-121.9075,6.717,3.5,md,22,50,,0.16,uw,uw10848873,2016-07-25T00:37:29.020Z,"4 km SSW of Fall City, Washington",earthquake,0.486,1.03,0.07,8,reviewed,uw,uw
1978-12-31T03:23:47.100Z,47.595,-121.8438333,17.727,4.2,md,24,75,0.1379,0.32,uw,uw10848633,2020-09-21T18:42:19.828Z,"4 km NE of Fall City, Washington",earthquake,1.068,1.82,0.06,5,reviewed,uw,uw
1977-08-05T11:39:57.610Z,47.8226667,-122.2943333,13.903,2.7,md,16,57,,0.15,uw,uw10844308,2016-07-25T00:26:46.270Z,"0 km W of Alderwood Manor, Washington",earthquake,0.456,0.63,0.1,17,reviewed,uw,uw
1977-07-15T15:43:53.460Z,47.784,-121.9805,22.633,3.3,md,27,77,0.1441,0.446,uw,uw10844113,2016-07-25T00:26:23.790Z,"4 km N of Duvall, Washington",earthquake,0.807,1.28,,9,reviewed,uw,uw
1977-07-13T08:00:25.920Z,47.588,-121.7206667,6.658,2.7,md,17,90,,0.15,uw,uw10844058,2016-07-25T00:26:15.990Z,"10 km NE of Snoqualmie, Washington",earthquake,0.072,0.13,0.08,15,reviewed,uw,uw
1977-02-09T10:01:28.460Z,47.8013333,-121.8078333,16.157,2.6,md,8,97,0.02638,0.16,uw,uw10843148,2016-07-25T00:24:07.540Z,"6 km S of Sultan, Washington",earthquake,0.995,1.26,0.07,6,reviewed,uw,uw
1977-01-30T15:00:31.250Z,47.5991667,-121.7458333,9.605,2.8,md,13,180,0.2053,0.4,uw,uw10843093,2016-07-25T00:24:01.140Z,"9 km NE of Snoqualmie, Washington",earthquake,1.438,5.67,0.09,8,reviewed,uw,uw
1976-06-02T20:54:00.110Z,47.3546667,-122.5661667,15.607,2.7,md,10,74,0.2447,0.18,uw,uw10841498,2016-07-25T00:21:49.950Z,"2 km SE of Canterwood, Washington",earthquake,0.05,0.15,0.09,8,reviewed,uw,uw
1976-04-28T08:39:58.880Z,47.7763333,-122.3308333,26.847,2.7,md,15,66,0.1323,0.16,uw,uw10841233,2016-07-25T00:21:17.790Z,"2 km SW of Mountlake Terrace, Washington",earthquake,0.078,0.11,0.14,14,reviewed,uw,uw
1975-11-13T11:59:58.590Z,47.5016667,-122.2838333,26.885,2.5,md,12,61,,0.13,uw,uw10862178,2016-07-25T00:19:26.180Z,"2 km NNE of Riverton, Washington",earthquake,0.624,0.53,0.22,11,reviewed,uw,uw
1975-09-08T13:53:58.510Z,47.4653333,-122.0101667,11.305,2.6,md,14,66,0.1383,0.24,uw,uw10861698,2016-07-25T00:15:38.160Z,"1 km WNW of Mirrormont, Washington",earthquake,0.708,1.35,0.08,7,reviewed,uw,uw
1975-09-03T21:29:01.600Z,47.3673333,-121.9713333,-0.705,2.8,md,13,93,0.145,0.33,uw,uw10861648,2016-07-25T00:15:34.720Z,"1 km NNE of Ravensdale, Washington",earthquake,0.122,0.27,0.07,6,reviewed,uw,uw
1975-08-30T18:40:12.270Z,47.8335,-122.5055,22.765,2.5,md,11,85,0.3301,0.09,uw,uw10861603,2016-07-25T00:15:31.040Z,"3 km N of Kingston, Washington",earthquake,0.408,1.14,0.07,6,reviewed,uw,uw
1975-07-24T11:42:12.760Z,47.3331667,-122.4065,7.181,3.4,md,14,75,0.2456,0.29,uw,uw10861368,2016-07-25T00:15:10.750Z,"2 km NE of Dash Point, Washington",earthquake,1.117,2.97,0.07,9,reviewed,uw,uw
1975-07-14T05:50:35.430Z,47.3191667,-122.3938333,7.191,3.4,md,14,74,,0.25,uw,uw10861293,2016-07-25T00:15:05.080Z,"2 km E of Dash Point, Washington",earthquake,0.92,20.19,0.11,4,reviewed,uw,uw
1975-07-12T10:09:23.140Z,47.4966667,-122.4686667,47.103,2.6,md,13,62,0.1606,0.14,uw,uw10861278,2016-07-25T00:15:03.290Z,"3 km SE of Southworth, Washington",earthquake,0.743,1.12,0.1,6,reviewed,uw,uw
1975-07-04T13:25:22.970Z,47.3161667,-122.3953333,16.093,2.6,md,8,133,0.2579,0.11,uw,uw10861223,2016-07-25T00:14:58.160Z,"2 km E of Dash Point, Washington",earthquake,0.601,1.34,0.09,4,reviewed,uw,uw
1975-06-30T21:37:10.210Z,47.4936667,-121.8175,16.428,2.5,md,3,160,0.03495,0.03,uw,uw10861183,2016-07-25T00:14:55.160Z,"2 km W of North Bend, Washington",earthquake,0.528,0.35,0.11,1,reviewed,uw,uw
1975-03-19T17:12:23.920Z,47.3328333,-122.027,19.787,2.8,md,8,124,,0.2,uw,uw10860523,2016-07-25T00:13:47.340Z,"3 km NW of Black Diamond, Washington",earthquake,1.055,2.02,0.09,4,reviewed,uw,uw
1975-01-20T21:44:45.690Z,47.4896667,-122.2941667,23.634,2.6,md,8,81,0.07141,0.15,uw,uw10860358,2016-07-25T00:13:30.570Z,"0 km N of Riverton, Washington",earthquake,0.844,1.03,0.09,5,reviewed,uw,uw
1975-01-06T00:09:40.350Z,47.742,-122.2596667,15.417,2.5,md,6,106,0.1888,0.25,uw,uw10860323,2016-07-25T00:13:26.740Z,"2 km SW of Kenmore, Washington",earthquake,0.724,3.05,0.13,2,reviewed,uw,uw
1974-12-01T06:23:58.270Z,47.6115,-122.3285,-0.646,2.9,md,10,88,0.08002,0.19,uw,uw10860033,2016-07-25T00:12:46.800Z,"0 km NNE of Seattle, Washington",earthquake,0.058,0.09,0.1,11,reviewed,uw,uw
1974-08-15T23:33:04.940Z,47.3228333,-122.3978333,5.653,2.8,md,12,75,,0.14,uw,uw10859278,2016-07-25T00:11:07.690Z,"2 km E of Dash Point, Washington",earthquake,0.588,2.02,0.1,12,reviewed,uw,uw
1974-06-23T00:54:55.800Z,47.6136667,-122.3346667,-0.636,2.8,md,10,88,0.08448,0.26,uw,uw10859043,2016-07-25T00:10:41.270Z,"0 km NNW of Seattle, Washington",earthquake,0.05,0.08,0.07,5,reviewed,uw,uw
1974-05-22T12:22:02.640Z,47.3423333,-122.025,18.28,3,md,12,79,,0.18,uw,uw10858783,2016-07-25T00:10:15.130Z,"3 km WSW of Ravensdale, Washington",earthquake,0.788,1.24,0.06,8,reviewed,uw,uw
1973-12-14T14:25:22.950Z,47.6071667,-122.3233333,1.774,2.9,md,10,88,0.07447,0.15,uw,uw10857863,2016-07-25T00:07:52.960Z,"0 km E of Seattle, Washington",earthquake,0.773,1.04,0.05,11,reviewed,uw,uw
1973-11-19T09:09:27.540Z,47.605,-122.3318333,-0.656,2.9,md,12,87,,0.25,uw,uw10857763,2016-07-25T00:07:31.550Z,"0 km S of Seattle, Washington",earthquake,0.05,0.09,0.1,13,reviewed,uw,uw
1973-11-03T16:22:01.720Z,47.6026667,-122.3245,4.224,3,md,12,87,0.07186,0.24,uw,uw10857668,2016-07-25T00:07:18.880Z,"0 km SE of Seattle, Washington",earthquake,1.063,3.08,0.06,12,reviewed,uw,uw
1973-10-25T11:32:48.820Z,47.6123333,-122.3285,-0.206,2.6,md,9,88,0.08062,0.17,uw,uw10857623,2016-07-25T00:07:11.200Z,"0 km NNE of Seattle, Washington",earthquake,0.836,1.3,0.08,9,reviewed,uw,uw
1973-10-12T12:02:10.310Z,47.6081667,-122.3238333,1.347,2.6,md,10,88,,0.19,uw,uw10857488,2016-07-25T00:06:50.020Z,"0 km ENE of Seattle, Washington",earthquake,0.697,0.94,0.11,11,reviewed,uw,uw
1973-10-12T09:35:25.670Z,47.6115,-122.3153333,1.934,2.8,md,12,89,,0.2,uw,uw10857483,2016-07-25T00:06:48.480Z,"1 km ENE of Seattle, Washington",earthquake,1.012,1.15,0.07,13,reviewed,uw,uw
1973-10-10T00:53:43.040Z,47.611,-122.3341667,-0.646,2.5,md,9,87,0.08235,0.18,uw,uw10857468,2016-07-25T00:06:46.660Z,"0 km NNW of Seattle, Washington",earthquake,0.028,0.06,0.06,10,reviewed,uw,uw
1973-10-08T05:34:20.440Z,47.6196667,-122.2651667,4.204,2.8,md,11,95,,0.24,uw,uw10857428,2016-07-25T00:06:40.640Z,"2 km W of Medina, Washington",earthquake,0.933,6.98,0.06,11,reviewed,uw,uw
1973-10-07T23:34:43.270Z,47.6201667,-122.2611667,-0.646,2.5,md,9,96,0.06736,0.25,uw,uw10857403,2016-07-25T00:06:37.450Z,"2 km W of Medina, Washington",earthquake,0.078,0.15,0.11,9,reviewed,uw,uw
1973-10-07T16:36:02.630Z,47.6131667,-122.3406667,-0.666,2.8,md,12,87,,0.27,uw,uw10857393,2016-07-25T00:06:35.650Z,"1 km NW of Seattle, Washington",earthquake,0.05,0.09,0.07,12,reviewed,uw,uw
1973-10-07T13:53:10.900Z,47.6095,-122.3255,1.954,3.3,md,10,88,0.07717,0.16,uw,uw10857373,2016-07-25T00:06:32.890Z,"Puget Sound region, Washington",earthquake,0.744,1.01,0.07,11,reviewed,uw,uw
1973-09-26T21:07:09.710Z,47.615,-122.3333333,-0.536,2.8,md,9,88,0.08481,0.22,uw,uw10857208,2016-07-25T00:06:05.910Z,"0 km N of Seattle, Washington",earthquake,0.799,1.32,0.07,8,reviewed,uw,uw
1973-07-30T00:31:09.390Z,47.4235,-121.7498333,15.45,2.7,md,10,182,,0.17,uw,uw10856643,2016-07-25T00:01:52.830Z,"2 km SSE of Wilderness Rim, Washington",earthquake,1.182,1.06,0.08,3,reviewed,uw,uw
1973-07-21T04:13:50.550Z,47.8176667,-121.8081667,16.373,2.6,md,9,191,0.3584,0.16,uw,uw10856598,2016-07-25T00:01:47.970Z,"5 km S of Sultan, Washington",earthquake,1.224,2.99,0.13,3,reviewed,uw,uw
1973-06-09T11:11:39.850Z,47.5986667,-121.812,5.243,3.3,md,11,179,0.1393,0.25,uw,uw10856343,2016-07-25T00:01:14.970Z,"6 km ENE of Fall City, Washington",earthquake,1.321,2.36,0.08,11,reviewed,uw,uw
1973-02-06T22:56:00.070Z,47.4873333,-122.55,46.057,3,md,8,72,,0.09,uw,uw10855738,2016-07-25T00:00:01.680Z,"4 km SW of Southworth, Washington",earthquake,0.46,0.81,0.08,3,reviewed,uw,uw
1972-12-09T19:56:47.300Z,47.4938333,-122.5303333,26.718,2.7,md,10,68,,0.15,uw,uw10855293,2016-07-24T23:59:05.460Z,"2 km SW of Southworth, Washington",earthquake,0.552,1.44,0.07,8,reviewed,uw,uw
1972-12-06T17:35:54.250Z,47.77,-122.456,20.388,3.2,md,11,85,,0.12,uw,uw10855183,2016-07-24T23:58:49.070Z,"4 km SE of Kingston, Washington",earthquake,0.586,2.15,0.09,3,reviewed,uw,uw
1972-11-14T18:26:24.710Z,47.7531667,-122.249,18.407,3.3,md,10,108,0.1998,0.09,uw,uw10854788,2016-07-24T23:57:50.060Z,"0 km SW of Kenmore, Washington",earthquake,0.342,0.75,0.06,3,reviewed,uw,uw
1972-11-10T21:18:19.480Z,47.6136667,-121.7765,13.332,2.5,md,9,178,0.1556,0.15,uw,uw10854768,2016-07-24T23:57:47.640Z,"9 km ENE of Fall City, Washington",earthquake,0.94,1.67,0.08,3,reviewed,uw,uw
1972-10-22T09:16:28.790Z,47.5776667,-122.204,20.253,3.4,md,8,96,,0.13,uw,uw10854573,2016-07-24T23:57:20.730Z,"0 km SSW of Beaux Arts Village, Washington",earthquake,0.651,0.93,0.06,7,reviewed,uw,uw
1972-10-13T08:00:53.730Z,47.5936667,-122.2868333,4.597,2.5,md,7,90,0.04835,0.09,uw,uw10854433,2016-07-24T23:57:00.150Z,"3 km ESE of Seattle, Washington",earthquake,0.354,0.68,0.09,5,reviewed,uw,uw
1972-08-13T12:55:15.690Z,47.4023333,-121.8276667,13.733,3,md,8,158,,0.18,uw,uw10853613,2016-07-24T23:55:05.920Z,"6 km SW of Wilderness Rim, Washington",earthquake,1.079,1.25,0.06,6,reviewed,uw,uw
1972-07-28T15:04:01.870Z,47.7621667,-122.4606667,21.557,3,md,7,94,0.2538,0.06,uw,uw10853493,2016-07-24T23:54:52.100Z,"4 km SE of Kingston, Washington",earthquake,0.283,0.77,0.07,5,reviewed,uw,uw
1972-06-16T20:50:24.070Z,47.5803333,-122.2111667,19.503,2.7,md,8,96,,0.09,uw,uw10853278,2016-07-24T23:54:28.800Z,"1 km WSW of Beaux Arts Village, Washington",earthquake,0.474,0.62,0.06,6,reviewed,uw,uw
1972-06-09T21:58:58.160Z,47.7636667,-121.972,6.074,3.3,md,5,229,0.2807,0.05,uw,uw10840098,2016-07-24T23:54:23.090Z,"2 km NNE of Duvall, Washington",earthquake,0.552,0.65,0.06,3,reviewed,uw,uw
1972-06-02T07:55:58.570Z,47.7255,-122.229,18.327,2.8,md,7,109,0.1725,0.08,uw,uw10840053,2016-07-24T23:54:17.550Z,"0 km NNE of Inglewood-Finn Hill, Washington",earthquake,0.297,0.83,0.07,6,reviewed,uw,uw
1972-05-20T07:01:53.600Z,47.463,-122.347,26.054,2.8,md,7,103,0.1131,0.16,uw,uw10853158,2016-07-24T23:54:11.170Z,"0 km S of Burien, Washington",earthquake,0.744,0.95,0.07,5,reviewed,uw,uw
1972-05-08T19:06:10.950Z,47.584,-122.2033333,19.313,2.5,md,7,97,0.04253,0.11,uw,uw10853093,2016-07-24T23:54:03.480Z,"0 km WSW of Beaux Arts Village, Washington",earthquake,0.028,0.04,0.06,5,reviewed,uw,uw
1972-04-29T11:42:31.230Z,47.6268333,-122.4326667,23.334,3,md,8,80,,0.11,uw,uw10853053,2016-07-24T23:53:56.160Z,"6 km E of Bainbridge Island, Washington",earthquake,0.389,0.93,0.07,5,reviewed,uw,uw
1972-03-02T22:36:24.250Z,47.7573333,-122.3905,18.497,2.5,md,7,92,0.2258,0.06,uw,uw10852763,2016-07-24T23:53:17.090Z,"3 km W of Shoreline, Washington",earthquake,0.248,0.61,0.06,6,reviewed,uw,uw
1972-03-02T20:12:13.760Z,47.7586667,-122.3876667,18.477,2.5,md,7,92,0.2262,0.14,uw,uw10852758,2016-07-24T23:53:16.540Z,"3 km W of Shoreline, Washington",earthquake,0.694,1.02,0.06,5,reviewed,uw,uw
1972-01-21T00:50:06.870Z,47.5836667,-122.1976667,21.317,2.8,md,6,165,,0.14,uw,uw10852523,2016-07-24T23:52:42.230Z,"0 km SSE of Beaux Arts Village, Washington",earthquake,0.914,1.04,0.06,2,reviewed,uw,uw
1972-01-17T02:07:28.960Z,47.6485,-121.8745,17.994,3,md,6,230,0.1946,0.12,uw,uw10852493,2016-07-24T23:52:38.950Z,"2 km E of Carnation, Washington",earthquake,1.104,1.15,0.06,4,reviewed,uw,uw
1972-01-16T17:04:51.660Z,47.3641667,-122.3978333,13.037,2.9,md,6,85,,0.1,uw,uw10852483,2016-07-24T23:52:37.860Z,"5 km NNE of Dash Point, Washington",earthquake,0.412,2.09,0.07,3,reviewed,uw,uw
1972-01-10T10:01:28.030Z,47.5851667,-122.2066667,19.557,2.6,md,5,165,0.04186,0.14,uw,uw10852443,2016-07-24T23:52:33.590Z,"0 km W of Beaux Arts Village, Washington",earthquake,0.045,0.06,0.07,3,reviewed,uw,uw
1972-01-01T09:49:49.770Z,47.5841667,-122.2068333,19.447,2.6,md,6,106,0.04103,0.09,uw,uw10839968,2016-07-24T23:52:30.470Z,"0 km WSW of Beaux Arts Village, Washington",earthquake,0.022,0.03,0.07,6,reviewed,uw,uw
1971-12-28T07:50:00.870Z,47.5748333,-122.2091667,20.623,4.1,md,8,95,,0.09,uw,uw10852348,2016-07-24T23:52:19.940Z,"1 km ENE of Mercer Island, Washington",earthquake,0.561,0.72,0.05,7,reviewed,uw,uw
1971-12-14T21:05:04.210Z,47.5756667,-122.221,19.707,2.6,md,5,161,0.02835,0.1,uw,uw10852233,2016-07-24T23:52:03.050Z,"0 km N of Mercer Island, Washington",earthquake,0.604,0.68,0.07,4,reviewed,uw,uw
1971-12-07T13:24:01.130Z,47.6791667,-121.7315,11.004,2.6,md,6,253,0.2256,0.11,uw,uw10852178,2016-07-24T23:51:54.930Z,"13 km E of Lake Marcel-Stillwater, Washington",earthquake,0.814,1.84,0.07,4,reviewed,uw,uw
1971-09-09T20:32:59.250Z,47.5688333,-122.2176667,19.874,3.5,md,7,160,,0.16,uw,uw10839693,2016-07-24T23:47:10.680Z,"0 km ESE of Mercer Island, Washington",earthquake,1.163,1.21,0.06,7,reviewed,uw,uw
1971-08-10T20:26:48.400Z,47.5826667,-122.2086667,19.374,3.1,md,7,164,,0.17,uw,uw10839458,2016-07-24T23:46:38.010Z,"0 km WSW of Beaux Arts Village, Washington",earthquake,0.067,0.06,0.05,7,reviewed,uw,uw
1971-07-19T18:17:00.790Z,47.8333333,-122.5761667,9.794,2.5,md,5,198,,0.43,uw,uw10839378,2016-07-24T23:46:27.150Z,"6 km ENE of Lofall, Washington",earthquake,3.722,6.98,0.06,4,reviewed,uw,uw
1971-06-26T22:02:15.080Z,47.5711667,-122.2155,20.511,3.3,md,6,191,,0.12,uw,uw10839243,2016-07-24T23:46:11.330Z,"0 km E of Mercer Island, Washington",earthquake,1.018,0.96,0.06,5,reviewed,uw,uw
1971-06-25T13:45:40.700Z,47.5675,-122.2246667,19.461,3,md,6,190,,0.15,uw,uw10839213,2016-07-24T23:46:05.870Z,"Puget Sound region, Washington",earthquake,0.064,0.06,0.06,6,reviewed,uw,uw
1971-06-24T02:26:53.530Z,47.5846667,-122.2048333,18.401,3.3,md,6,194,,0.19,uw,uw10839203,2016-07-24T23:46:03.550Z,"0 km W of Beaux Arts Village, Washington",earthquake,1.757,0.83,0.07,6,reviewed,uw,uw
1971-05-10T11:56:39.130Z,47.777,-121.9486667,19.319,2.8,md,6,241,,0.05,uw,uw10839008,2016-07-24T23:45:41.000Z,"4 km NE of Duvall, Washington",earthquake,0.545,0.57,0.06,6,reviewed,uw,uw
1970-11-20T13:46:31.250Z,47.345,-121.764,15.204,2.6,md,5,239,0.1437,0.09,uw,uw10837368,2016-07-24T23:42:02.380Z,"11 km S of Wilderness Rim, Washington",earthquake,1.853,2.57,0.06,4,reviewed,uw,uw
1970-10-24T22:32:08.640Z,47.3383333,-122.3851667,12.371,4.1,md,5,125,0.2348,0.08,uw,uw10837233,2016-07-24T23:41:47.730Z,"3 km NE of Dash Point, Washington",earthquake,0.583,2.65,0.05,1,reviewed,uw,uw
1970-09-27T23:20:31.730Z,47.8211667,-122.4473333,8.849,2.8,md,5,206,0.3,0.32,uw,uw10837008,2016-07-24T23:41:16.450Z,"4 km ENE of Kingston, Washington",earthquake,2.581,1.82,0.06,5,reviewed,uw,uw
1970-09-04T10:21:36.970Z,47.6166667,-121.8025,14.779,3.2,md,5,242,0.3075,0.1,uw,uw10836913,2016-07-24T23:41:07.450Z,"8 km NE of Fall City, Washington",earthquake,0.05,0.06,0.06,5,reviewed,uw,uw
1970-08-22T14:50:59.150Z,47.6105,-121.7983333,12.909,2.9,md,5,242,0.3091,0.06,uw,uw10836818,2016-07-24T23:40:55.700Z,"8 km NE of Fall City, Washington",earthquake,0.627,1.04,0.06,5,reviewed,uw,uw
1970-08-21T19:45:25.840Z,47.631,-121.771,13.949,2.8,md,5,247,0.3315,0.1,uw,uw10836808,2016-07-24T23:40:54.840Z,"10 km E of Carnation, Washington",earthquake,1.108,1.33,0.06,5,reviewed,uw,uw
1969-10-15T08:35:00.150Z,47.3391667,-122.072,41.474,3.6,md,6,336,1.74,0.42,uw,uw10835768,2016-07-24T23:40:02.660Z,"2 km ENE of Lake Morton-Berrydale, Washington",earthquake,9.194,,0.11,0,reviewed,uw,uw
1965-04-29T15:28:45.750Z,47.288,-122.406,64.7,6.7,mw,,,,,iscgem,iscgem858143,2024-09-05T03:02:05.361Z,"3 km ESE of Browns Point, Washington",earthquake,,5.1,0.3,,reviewed,iscgem,iscgem
1963-01-24T21:43:11.800Z,47.6,-122.1,17,4.5,md,,,,,ushis,ushis2590,2018-06-04T20:43:45.000Z,"2 km N of West Lake Sammamish, Washington",earthquake,,,,,reviewed,ushis,yel
1960-04-11T06:47:35.000Z,47.567,-122.25,,3.6,md,,,,,ushis,ushis2441,2018-06-04T20:43:45.000Z,"2 km W of Mercer Island, Washington",earthquake,,,,,reviewed,ushis,yel
1932-07-18T06:01:55.000Z,47.75,-121.83,,5.2,ml,,,,,ushis,ushis904,2018-06-04T20:43:44.000Z,"9 km NE of Lake Marcel-Stillwater, Washington",earthquake,,,,,reviewed,ushis,nqt
1903-03-14T02:30:00.000Z,47.7,-122.2,,4.9,mfa,,,,,uw,uw19030314023000000,2024-05-02T21:13:57.953Z,"Near Kirkland, Washington",earthquake,,,,,reviewed,uw,uw
